event_id,schema_version,organizer_id,event_tier,university_id,campus_id,city_id,title,description,category_id,interest_ids,target_program_ids,target_class_years,target_goal_ids,event_type,starts_at,ends_at,expires_at,participation_mode,location_name,fee_type,fee_amount,quota,language,status,approval_status,organizer_trust_score,image_url
event-v3-0001,3.0,organizer-v3-018,official,yok-bogazici,yok-bogazici-main,istanbul,Social Responsibility Gönüllülük Günü,Social Responsibility alanında öğrencileri buluşturan uygulamalı kampüs etkinliği.,social-impact,social-responsibility;volunteering,,,build-project;compete;social-impact,networking,2026-12-12T18:00:00+00:00,2026-12-12T19:00:00+00:00,,online,Online,free,0,20,tr,published,approved,4.56,
event-v3-0002,3.0,organizer-v3-020,official,yok-iyte,yok-iyte-main,izmir,Web Development Proje Günü,Web Development alanında öğrencileri buluşturan uygulamalı kampüs etkinliği.,technology,web-development;game-development,,,compete,competition,2027-01-21T09:00:00+00:00,2027-01-21T13:00:00+00:00,,onsite,Kampüs Salon 12,paid,200,20,tr,published,approved,3.42,
event-v3-0003,3.0,organizer-v3-026,official,yok-iyte,yok-iyte-main,izmir,Languages Kampüs Gezisi,Languages alanında öğrencileri buluşturan uygulamalı kampüs etkinliği.,culture-community,languages,business,,learn;career;social-impact,conference,2026-08-01T15:00:00+00:00,2026-08-01T17:00:00+00:00,,onsite,Kampüs Salon 14,free,0,100,tr,published,approved,4.17,
event-v3-0004,3.0,organizer-v3-018,official,yok-iyte,yok-iyte-main,izmir,Engineering Konferansı,Engineering alanında öğrencileri buluşturan uygulamalı kampüs etkinliği.,science,engineering;social-sciences;health-sciences,,1,compete;build-project,trip,2026-11-12T09:00:00+00:00,2026-11-12T10:00:00+00:00,,online,Online,paid,150,50,tr,published,approved,4.56,
event-v3-0005,3.0,organizer-v3-012,official,yok-iyte,yok-iyte-main,izmir,Health Sciences Laboratuvar Atölyesi,Health Sciences alanında öğrencileri buluşturan uygulamalı kampüs etkinliği.,science,health-sciences;natural-sciences;engineering,,,career,networking,2026-09-02T18:00:00+00:00,2026-09-02T19:00:00+00:00,,hybrid,Kampüs Salon 6,free,0,50,tr,published,approved,3.43,
event-v3-0006,3.0,organizer-v3-016,official,yok-hacettepe,yok-hacettepe-main,ankara,Health Sciences Laboratuvar Atölyesi,Health Sciences alanında öğrencileri buluşturan uygulamalı kampüs etkinliği.,science,health-sciences;natural-sciences,business,,learn;compete;network,seminar,2026-10-26T09:00:00+00:00,2026-10-26T11:00:00+00:00,,online,Online,free,0,40,tr,published,approved,4.68,
event-v3-0007,3.0,organizer-v3-019,official,yok-iyte,yok-iyte-main,izmir,Data Science Proje Günü,Data Science alanında öğrencileri buluşturan uygulamalı kampüs etkinliği.,technology,data-science;ai,,,social-impact;network;career,workshop,2026-08-29T12:00:00+00:00,2026-08-29T14:00:00+00:00,,onsite,Kampüs Salon 1,free,0,20,tr,published,approved,4.3,
event-v3-0008,3.0,organizer-v3-020,official,yok-yildiz,yok-yildiz-main,istanbul,Natural Sciences Konferansı,Natural Sciences alanında öğrencileri buluşturan uygulamalı kampüs etkinliği.,science,natural-sciences;social-sciences;health-sciences,,2,social-impact;compete;learn,workshop,2027-01-01T17:00:00+00:00,2027-01-01T21:00:00+00:00,,online,Online,free,0,100,en,published,approved,3.42,
event-v3-0009,3.0,organizer-v3-030,official,yok-iyte,yok-iyte-main,izmir,Culture Kültür Buluşması,Culture alanında öğrencileri buluşturan uygulamalı kampüs etkinliği.,culture-community,culture;international-community,business,,compete,workshop,2026-08-21T19:00:00+00:00,2026-08-21T21:00:00+00:00,,onsite,Kampüs Salon 19,paid,200,100,tr,published,approved,4.83,
event-v3-0010,3.0,organizer-v3-027,official,yok-yildiz,yok-yildiz-main,istanbul,Game Development Atölyesi,Game Development alanında öğrencileri buluşturan uygulamalı kampüs etkinliği.,technology,game-development;mobile-development;web-development,,,career;social-impact,social,2026-11-22T16:00:00+00:00,2026-11-22T20:00:00+00:00,,hybrid,Kampüs Salon 5,free,0,100,tr,published,approved,3.32,
event-v3-0011,3.0,organizer-v3-005,official,yok-yildiz,yok-yildiz-main,istanbul,Graphic Design Sergisi,Graphic Design alanında öğrencileri buluşturan uygulamalı kampüs etkinliği.,design-art,graphic-design;photography,,,compete;learn;career,seminar,2026-08-17T16:00:00+00:00,2026-08-17T19:00:00+00:00,,onsite,Kampüs Salon 5,paid,50,40,en,published,approved,4.44,
event-v3-0012,3.0,organizer-v3-002,official,yok-bogazici,yok-bogazici-main,istanbul,Nutrition Kampüs Buluşması,Nutrition alanında öğrencileri buluşturan uygulamalı kampüs etkinliği.,sports-health,nutrition;wellbeing;mental-health,computer-engineering,3,network;career,workshop,2026-12-02T17:00:00+00:00,2026-12-02T21:00:00+00:00,,onsite,Kampüs Salon 10,paid,200,40,mixed,published,approved,3.42,
event-v3-0013,3.0,organizer-v3-023,official,yok-hacettepe,yok-hacettepe-main,ankara,Natural Sciences Konferansı,Natural Sciences alanında öğrencileri buluşturan uygulamalı kampüs etkinliği.,science,natural-sciences,,,learn;career;compete,conference,2026-12-11T13:00:00+00:00,2026-12-11T17:00:00+00:00,,hybrid,Kampüs Salon 9,free,0,50,mixed,published,approved,4.94,
event-v3-0014,3.0,organizer-v3-004,official,yok-ankara,yok-ankara-main,ankara,Natural Sciences Araştırma Günleri,Natural Sciences alanında öğrencileri buluşturan uygulamalı kampüs etkinliği.,science,natural-sciences;engineering,,,network;compete;build-project,conference,2026-11-27T14:00:00+00:00,2026-11-27T16:00:00+00:00,,hybrid,Kampüs Salon 9,free,0,40,tr,published,approved,3.51,
event-v3-0015,3.0,organizer-v3-008,official,yok-ankara,yok-ankara-main,ankara,Game Development Buluşması,Game Development alanında öğrencileri buluşturan uygulamalı kampüs etkinliği.,technology,game-development;cybersecurity,computer-engineering,,compete;network;social-impact,networking,2026-10-10T15:00:00+00:00,2026-10-10T17:00:00+00:00,,online,Online,free,0,20,tr,published,approved,4.69,
event-v3-0016,3.0,organizer-v3-011,official,yok-iyte,yok-iyte-main,izmir,Sustainability Topluluk Buluşması,Sustainability alanında öğrencileri buluşturan uygulamalı kampüs etkinliği.,social-impact,sustainability;volunteering,,4,social-impact;network;career,conference,2026-11-30T10:00:00+00:00,2026-11-30T14:00:00+00:00,,hybrid,Kampüs Salon 6,free,0,80,en,published,approved,4.85,
event-v3-0017,3.0,organizer-v3-003,official,yok-ankara,yok-ankara-main,ankara,Social Responsibility Gönüllülük Günü,Social Responsibility alanında öğrencileri buluşturan uygulamalı kampüs etkinliği.,social-impact,social-responsibility;volunteering;sustainability,,,social-impact;career;network,social,2027-01-25T18:00:00+00:00,2027-01-25T22:00:00+00:00,,hybrid,Kampüs Salon 15,free,0,20,tr,published,approved,4.96,
event-v3-0018,3.0,organizer-v3-020,official,yok-itu,yok-itu-main,istanbul,Sustainability Fikir Maratonu,Sustainability alanında öğrencileri buluşturan uygulamalı kampüs etkinliği.,social-impact,sustainability;volunteering;social-responsibility,psychology,,social-impact;build-project;network,trip,2026-08-19T13:00:00+00:00,2026-08-19T14:00:00+00:00,,hybrid,Kampüs Salon 13,free,0,100,tr,published,approved,3.42,
event-v3-0019,3.0,organizer-v3-021,official,yok-bogazici,yok-bogazici-main,istanbul,Social Responsibility Gönüllülük Günü,Social Responsibility alanında öğrencileri buluşturan uygulamalı kampüs etkinliği.,social-impact,social-responsibility;volunteering;sustainability,,,compete,workshop,2027-01-28T19:00:00+00:00,2027-01-28T22:00:00+00:00,,hybrid,Kampüs Salon 7,free,0,100,tr,published,approved,3.4,
event-v3-0020,3.0,organizer-v3-015,official,yok-hacettepe,yok-hacettepe-main,ankara,Ui Ux Tasarım Atölyesi,Ui Ux alanında öğrencileri buluşturan uygulamalı kampüs etkinliği.,design-art,ui-ux;theatre;music,,2,learn,social,2026-12-04T10:00:00+00:00,2026-12-04T11:00:00+00:00,,onsite,Kampüs Salon 15,free,0,80,tr,published,approved,4.05,
event-v3-0021,3.0,organizer-v3-028,official,yok-yildiz,yok-yildiz-main,istanbul,Languages Kampüs Gezisi,Languages alanında öğrencileri buluşturan uygulamalı kampüs etkinliği.,culture-community,languages;culture,psychology,,learn;social-impact;build-project,conference,2026-10-18T09:00:00+00:00,2026-10-18T11:00:00+00:00,,onsite,Kampüs Salon 2,free,0,20,tr,published,approved,4.13,
event-v3-0022,3.0,organizer-v3-012,official,yok-hacettepe,yok-hacettepe-main,ankara,Music Tasarım Atölyesi,Music alanında öğrencileri buluşturan uygulamalı kampüs etkinliği.,design-art,music;ui-ux;theatre,,,social-impact;compete,networking,2026-10-15T10:00:00+00:00,2026-10-15T14:00:00+00:00,,hybrid,Kampüs Salon 3,paid,200,20,tr,published,approved,3.43,
event-v3-0023,3.0,organizer-v3-029,official,yok-bogazici,yok-bogazici-main,istanbul,Theatre Sahne Gecesi,Theatre alanında öğrencileri buluşturan uygulamalı kampüs etkinliği.,design-art,theatre;music;graphic-design,,,learn,workshop,2026-08-22T18:00:00+00:00,2026-08-22T22:00:00+00:00,,hybrid,Kampüs Salon 16,paid,200,100,tr,published,approved,3.92,
event-v3-0024,3.0,organizer-v3-010,official,yok-ankara,yok-ankara-main,ankara,Culture Kampüs Gezisi,Culture alanında öğrencileri buluşturan uygulamalı kampüs etkinliği.,culture-community,culture;international-community,psychology,4,social-impact;network,competition,2026-10-11T12:00:00+00:00,2026-10-11T15:00:00+00:00,,hybrid,Kampüs Salon 10,paid,200,40,en,published,approved,3.85,
event-v3-0025,3.0,organizer-v3-010,official,yok-bogazici,yok-bogazici-main,istanbul,Music Sahne Gecesi,Music alanında öğrencileri buluşturan uygulamalı kampüs etkinliği.,design-art,music;ui-ux;graphic-design,,,social-impact;network;compete,conference,2026-08-20T19:00:00+00:00,2026-08-20T22:00:00+00:00,,online,Online,free,0,40,mixed,published,approved,3.85,
event-v3-0026,3.0,organizer-v3-027,official,yok-yildiz,yok-yildiz-main,istanbul,Data Science Proje Günü,Data Science alanında öğrencileri buluşturan uygulamalı kampüs etkinliği.,technology,data-science;web-development;cybersecurity,,,network;compete,seminar,2027-01-22T19:00:00+00:00,2027-01-22T22:00:00+00:00,,onsite,Kampüs Salon 10,free,0,30,tr,published,approved,3.32,
event-v3-0027,3.0,organizer-v3-018,official,yok-hacettepe,yok-hacettepe-main,ankara,Entrepreneurship Semineri,Entrepreneurship alanında öğrencileri buluşturan uygulamalı kampüs etkinliği.,career,entrepreneurship;career,business,,social-impact;network,conference,2026-11-23T11:00:00+00:00,2026-11-23T13:00:00+00:00,,hybrid,Kampüs Salon 17,free,0,80,tr,published,approved,4.56,
event-v3-0028,3.0,organizer-v3-021,official,yok-itu,yok-itu-main,istanbul,Volunteering Topluluk Buluşması,Volunteering alanında öğrencileri buluşturan uygulamalı kampüs etkinliği.,social-impact,volunteering,,2,build-project,competition,2026-08-11T10:00:00+00:00,2026-08-11T11:00:00+00:00,,onsite,Kampüs Salon 11,free,0,100,tr,published,approved,3.4,
event-v3-0029,3.0,organizer-v3-018,official,yok-itu,yok-itu-main,istanbul,Health Sciences Araştırma Günleri,Health Sciences alanında öğrencileri buluşturan uygulamalı kampüs etkinliği.,science,health-sciences,,,learn;compete,trip,2026-12-20T18:00:00+00:00,2026-12-20T22:00:00+00:00,,onsite,Kampüs Salon 10,free,0,80,tr,published,approved,4.56,
event-v3-0030,3.0,organizer-v3-012,official,yok-ankara,yok-ankara-main,ankara,Wellbeing Başlangıç Etkinliği,Wellbeing alanında öğrencileri buluşturan uygulamalı kampüs etkinliği.,sports-health,wellbeing;sports,psychology,,network,competition,2026-09-22T09:00:00+00:00,2026-09-22T12:00:00+00:00,,online,Online,free,0,80,mixed,published,approved,3.43,
event-v3-0031,3.0,organizer-v3-029,official,yok-bogazici,yok-bogazici-main,istanbul,Ui Ux Sahne Gecesi,Ui Ux alanında öğrencileri buluşturan uygulamalı kampüs etkinliği.,design-art,ui-ux;music,,,career;build-project;network,seminar,2026-11-12T17:00:00+00:00,2026-11-12T20:00:00+00:00,,hybrid,Kampüs Salon 6,free,0,50,tr,published,approved,3.92,
event-v3-0032,3.0,organizer-v3-004,official,yok-iyte,yok-iyte-main,izmir,Health Sciences Araştırma Günleri,Health Sciences alanında öğrencileri buluşturan uygulamalı kampüs etkinliği.,science,health-sciences;natural-sciences;engineering,,3,compete,seminar,2026-11-23T17:00:00+00:00,2026-11-23T19:00:00+00:00,,online,Online,free,0,40,tr,published,approved,3.51,
event-v3-0033,3.0,organizer-v3-001,official,yok-hacettepe,yok-hacettepe-main,ankara,Engineering Laboratuvar Atölyesi,Engineering alanında öğrencileri buluşturan uygulamalı kampüs etkinliği.,science,engineering;social-sciences;natural-sciences,psychology,,social-impact,competition,2026-10-25T14:00:00+00:00,2026-10-25T17:00:00+00:00,,hybrid,Kampüs Salon 7,paid,200,20,tr,published,approved,3.93,
event-v3-0034,3.0,organizer-v3-016,official,yok-bogazici,yok-bogazici-main,istanbul,Wellbeing Başlangıç Etkinliği,Wellbeing alanında öğrencileri buluşturan uygulamalı kampüs etkinliği.,sports-health,wellbeing;sports,,,network;build-project,competition,2026-12-28T12:00:00+00:00,2026-12-28T15:00:00+00:00,,hybrid,Kampüs Salon 2,free,0,40,mixed,published,approved,4.68,
event-v3-0035,3.0,organizer-v3-006,official,yok-yildiz,yok-yildiz-main,istanbul,Nutrition Başlangıç Etkinliği,Nutrition alanında öğrencileri buluşturan uygulamalı kampüs etkinliği.,sports-health,nutrition;mental-health,,,learn,networking,2026-08-12T17:00:00+00:00,2026-08-12T21:00:00+00:00,,onsite,Kampüs Salon 13,free,0,20,tr,published,approved,4.84,
event-v3-0036,3.0,organizer-v3-009,official,yok-itu,yok-itu-main,istanbul,Travel Konuşma Kulübü,Travel alanında öğrencileri buluşturan uygulamalı kampüs etkinliği.,culture-community,travel;culture;languages,psychology,2,build-project;learn,social,2026-10-07T17:00:00+00:00,2026-10-07T19:00:00+00:00,,hybrid,Kampüs Salon 11,free,0,100,tr,published,approved,3.47,
event-v3-0037,3.0,organizer-v3-015,official,yok-bogazici,yok-bogazici-main,istanbul,Music Tasarım Atölyesi,Music alanında öğrencileri buluşturan uygulamalı kampüs etkinliği.,design-art,music;graphic-design;theatre,,,career;build-project;social-impact,networking,2026-09-01T15:00:00+00:00,2026-09-01T17:00:00+00:00,,online,Online,free,0,80,tr,published,approved,4.05,
event-v3-0038,3.0,organizer-v3-018,official,yok-bogazici,yok-bogazici-main,istanbul,Health Sciences Araştırma Günleri,Health Sciences alanında öğrencileri buluşturan uygulamalı kampüs etkinliği.,science,health-sciences;social-sciences;natural-sciences,,,compete;social-impact;career,trip,2026-12-18T15:00:00+00:00,2026-12-18T19:00:00+00:00,,onsite,Kampüs Salon 14,free,0,50,mixed,published,approved,4.56,
event-v3-0039,3.0,organizer-v3-003,official,yok-bogazici,yok-bogazici-main,istanbul,Product Networking Günü,Product alanında öğrencileri buluşturan uygulamalı kampüs etkinliği.,career,product,industrial-engineering,,network;social-impact,workshop,2026-09-02T18:00:00+00:00,2026-09-02T20:00:00+00:00,,onsite,Kampüs Salon 8,free,0,100,tr,published,approved,4.96,
event-v3-0040,3.0,organizer-v3-004,official,yok-ankara,yok-ankara-main,ankara,Mental Health Başlangıç Etkinliği,Mental Health alanında öğrencileri buluşturan uygulamalı kampüs etkinliği.,sports-health,mental-health,,2,career,trip,2026-08-11T09:00:00+00:00,2026-08-11T13:00:00+00:00,,hybrid,Kampüs Salon 1,free,0,40,en,published,approved,3.51,
event-v3-0041,3.0,organizer-v3-017,official,yok-hacettepe,yok-hacettepe-main,ankara,Mental Health Turnuvası,Mental Health alanında öğrencileri buluşturan uygulamalı kampüs etkinliği.,sports-health,mental-health,,,learn;social-impact;network,social,2026-12-10T10:00:00+00:00,2026-12-10T12:00:00+00:00,,hybrid,Kampüs Salon 11,free,0,100,tr,published,approved,3.4,
event-v3-0042,3.0,organizer-v3-030,official,yok-bogazici,yok-bogazici-main,istanbul,Mobile Development Proje Günü,Mobile Development alanında öğrencileri buluşturan uygulamalı kampüs etkinliği.,technology,mobile-development,business,,learn;build-project;social-impact,seminar,2026-09-28T18:00:00+00:00,2026-09-28T22:00:00+00:00,,online,Online,paid,150,80,tr,published,approved,4.83,
event-v3-0043,3.0,organizer-v3-014,official,yok-bogazici,yok-bogazici-main,istanbul,Travel Kültür Buluşması,Travel alanında öğrencileri buluşturan uygulamalı kampüs etkinliği.,culture-community,travel;languages;international-community,,,compete,trip,2026-12-03T12:00:00+00:00,2026-12-03T16:00:00+00:00,,onsite,Kampüs Salon 3,paid,100,20,tr,published,approved,4.39,
event-v3-0044,3.0,organizer-v3-007,official,yok-bogazici,yok-bogazici-main,istanbul,Sustainability Fikir Maratonu,Sustainability alanında öğrencileri buluşturan uygulamalı kampüs etkinliği.,social-impact,sustainability;volunteering;social-responsibility,,2,career;compete;build-project,social,2026-08-27T14:00:00+00:00,2026-08-27T15:00:00+00:00,,online,Online,free,0,80,en,published,approved,4.44,
event-v3-0045,3.0,organizer-v3-027,official,yok-itu,yok-itu-main,istanbul,Cybersecurity Proje Günü,Cybersecurity alanında öğrencileri buluşturan uygulamalı kampüs etkinliği.,technology,cybersecurity;ai,computer-engineering,,career;network;build-project,workshop,2026-11-22T19:00:00+00:00,2026-11-22T20:00:00+00:00,,onsite,Kampüs Salon 9,free,0,50,tr,published,approved,3.32,
event-v3-0046,3.0,organizer-v3-020,official,yok-hacettepe,yok-hacettepe-main,ankara,Ui Ux Sahne Gecesi,Ui Ux alanında öğrencileri buluşturan uygulamalı kampüs etkinliği.,design-art,ui-ux,,,career;learn,networking,2026-12-19T13:00:00+00:00,2026-12-19T17:00:00+00:00,,hybrid,Kampüs Salon 20,paid,150,100,tr,published,approved,3.42,
event-v3-0047,3.0,organizer-v3-022,official,yok-bogazici,yok-bogazici-main,istanbul,Product Semineri,Product alanında öğrencileri buluşturan uygulamalı kampüs etkinliği.,career,product;career,,,build-project;compete,seminar,2027-01-25T10:00:00+00:00,2027-01-25T12:00:00+00:00,,online,Online,free,0,40,tr,published,approved,4.76,
event-v3-0048,3.0,organizer-v3-003,official,yok-iyte,yok-iyte-main,izmir,Finance Kariyer Sohbeti,Finance alanında öğrencileri buluşturan uygulamalı kampüs etkinliği.,career,finance;product;career,business,1,social-impact;network;compete,conference,2027-01-19T09:00:00+00:00,2027-01-19T13:00:00+00:00,,hybrid,Kampüs Salon 18,free,0,40,tr,published,approved,4.96,
event-v3-0049,3.0,organizer-v3-016,official,yok-hacettepe,yok-hacettepe-main,ankara,Mobile Development Proje Günü,Mobile Development alanında öğrencileri buluşturan uygulamalı kampüs etkinliği.,technology,mobile-development;game-development,,,learn;career,seminar,2026-09-17T09:00:00+00:00,2026-09-17T13:00:00+00:00,,online,Online,free,0,80,tr,published,approved,4.68,
event-v3-0050,3.0,organizer-v3-024,official,yok-iyte,yok-iyte-main,izmir,Product Kariyer Sohbeti,Product alanında öğrencileri buluşturan uygulamalı kampüs etkinliği.,career,product;finance;entrepreneurship,,,learn;network,social,2026-12-28T14:00:00+00:00,2026-12-28T17:00:00+00:00,,onsite,Kampüs Salon 3,paid,200,100,tr,published,approved,4.91,
event-v3-0051,3.0,organizer-v3-022,official,yok-yildiz,yok-yildiz-main,istanbul,Volunteering Fikir Maratonu,Volunteering alanında öğrencileri buluşturan uygulamalı kampüs etkinliği.,social-impact,volunteering;sustainability;social-responsibility,industrial-engineering,,social-impact,conference,2026-10-05T09:00:00+00:00,2026-10-05T12:00:00+00:00,,online,Online,free,0,50,tr,published,approved,4.76,
event-v3-0052,3.0,organizer-v3-001,official,yok-hacettepe,yok-hacettepe-main,ankara,Culture Kampüs Gezisi,Culture alanında öğrencileri buluşturan uygulamalı kampüs etkinliği.,culture-community,culture;travel;languages,,4,career;compete,networking,2026-08-31T10:00:00+00:00,2026-08-31T12:00:00+00:00,,onsite,Kampüs Salon 16,paid,150,50,en,published,approved,3.93,
event-v3-0053,3.0,organizer-v3-003,official,yok-iyte,yok-iyte-main,izmir,Social Responsibility Fikir Maratonu,Social Responsibility alanında öğrencileri buluşturan uygulamalı kampüs etkinliği.,social-impact,social-responsibility;volunteering;sustainability,,,compete;social-impact,social,2026-10-25T09:00:00+00:00,2026-10-25T13:00:00+00:00,,onsite,Kampüs Salon 16,paid,50,40,tr,published,approved,4.96,
event-v3-0054,3.0,organizer-v3-010,official,yok-hacettepe,yok-hacettepe-main,ankara,Sustainability Fikir Maratonu,Sustainability alanında öğrencileri buluşturan uygulamalı kampüs etkinliği.,social-impact,sustainability;social-responsibility;volunteering,industrial-engineering,,learn;network;career,seminar,2026-11-05T10:00:00+00:00,2026-11-05T13:00:00+00:00,,onsite,Kampüs Salon 20,free,0,100,tr,published,approved,3.85,
event-v3-0055,3.0,organizer-v3-022,official,yok-ankara,yok-ankara-main,ankara,Game Development Atölyesi,Game Development alanında öğrencileri buluşturan uygulamalı kampüs etkinliği.,technology,game-development,,,career;network,workshop,2026-11-29T13:00:00+00:00,2026-11-29T14:00:00+00:00,,onsite,Kampüs Salon 5,free,0,40,tr,published,approved,4.76,
event-v3-0056,3.0,organizer-v3-013,official,yok-yildiz,yok-yildiz-main,istanbul,Sports Kampüs Buluşması,Sports alanında öğrencileri buluşturan uygulamalı kampüs etkinliği.,sports-health,sports;nutrition,,4,network,conference,2026-08-20T17:00:00+00:00,2026-08-20T19:00:00+00:00,,online,Online,free,0,20,tr,published,approved,3.82,
event-v3-0057,3.0,organizer-v3-017,official,yok-ankara,yok-ankara-main,ankara,Languages Kampüs Gezisi,Languages alanında öğrencileri buluşturan uygulamalı kampüs etkinliği.,culture-community,languages;international-community;travel,business,,learn;build-project;social-impact,conference,2026-09-11T19:00:00+00:00,2026-09-11T23:00:00+00:00,,hybrid,Kampüs Salon 10,free,0,50,en,published,approved,3.4,
event-v3-0058,3.0,organizer-v3-030,official,yok-bogazici,yok-bogazici-main,istanbul,Web Development Atölyesi,Web Development alanında öğrencileri buluşturan uygulamalı kampüs etkinliği.,technology,web-development;ai;data-science,,,build-project;career,conference,2026-11-30T14:00:00+00:00,2026-11-30T15:00:00+00:00,,onsite,Kampüs Salon 2,free,0,30,tr,published,approved,4.83,
event-v3-0059,3.0,organizer-v3-012,official,yok-yildiz,yok-yildiz-main,istanbul,Mobile Development Atölyesi,Mobile Development alanında öğrencileri buluşturan uygulamalı kampüs etkinliği.,technology,mobile-development;ai,,,network;build-project,conference,2027-01-23T16:00:00+00:00,2027-01-23T20:00:00+00:00,,online,Online,free,0,30,tr,published,approved,3.43,
event-v3-0060,3.0,organizer-v3-017,official,yok-itu,yok-itu-main,istanbul,Finance Semineri,Finance alanında öğrencileri buluşturan uygulamalı kampüs etkinliği.,career,finance;entrepreneurship;product,industrial-engineering,3,career;network,seminar,2026-12-03T19:00:00+00:00,2026-12-03T21:00:00+00:00,,hybrid,Kampüs Salon 19,free,0,40,en,published,approved,3.4,
event-v3-0061,3.0,organizer-v3-007,official,yok-hacettepe,yok-hacettepe-main,ankara,Entrepreneurship Kariyer Sohbeti,Entrepreneurship alanında öğrencileri buluşturan uygulamalı kampüs etkinliği.,career,entrepreneurship;career,,,career,social,2026-11-11T09:00:00+00:00,2026-11-11T12:00:00+00:00,,onsite,Kampüs Salon 1,free,0,40,tr,published,approved,4.44,
event-v3-0062,3.0,organizer-v3-018,official,yok-itu,yok-itu-main,istanbul,Sustainability Fikir Maratonu,Sustainability alanında öğrencileri buluşturan uygulamalı kampüs etkinliği.,social-impact,sustainability;social-responsibility;volunteering,,,compete;network;learn,conference,2026-11-28T19:00:00+00:00,2026-11-28T21:00:00+00:00,,online,Online,paid,200,30,en,published,approved,4.56,
event-v3-0063,3.0,organizer-v3-030,official,yok-hacettepe,yok-hacettepe-main,ankara,Theatre Tasarım Atölyesi,Theatre alanında öğrencileri buluşturan uygulamalı kampüs etkinliği.,design-art,theatre;graphic-design;ui-ux,computer-engineering,,career;network;social-impact,seminar,2026-10-09T16:00:00+00:00,2026-10-09T20:00:00+00:00,,online,Online,free,0,40,mixed,published,approved,4.83,
event-v3-0064,3.0,organizer-v3-018,official,yok-ankara,yok-ankara-main,ankara,Sustainability Topluluk Buluşması,Sustainability alanında öğrencileri buluşturan uygulamalı kampüs etkinliği.,social-impact,sustainability;volunteering;social-responsibility,,4,compete;build-project,workshop,2026-10-22T12:00:00+00:00,2026-10-22T15:00:00+00:00,,hybrid,Kampüs Salon 19,free,0,40,tr,published,approved,4.56,
event-v3-0065,3.0,organizer-v3-011,official,yok-hacettepe,yok-hacettepe-main,ankara,Engineering Laboratuvar Atölyesi,Engineering alanında öğrencileri buluşturan uygulamalı kampüs etkinliği.,science,engineering;social-sciences,,,compete;career,competition,2026-09-10T11:00:00+00:00,2026-09-10T12:00:00+00:00,,online,Online,free,0,40,tr,published,approved,4.85,
event-v3-0066,3.0,organizer-v3-022,official,yok-yildiz,yok-yildiz-main,istanbul,Ai Buluşması,Ai alanında öğrencileri buluşturan uygulamalı kampüs etkinliği.,technology,ai;web-development;cybersecurity,business,,social-impact;learn;build-project,competition,2026-09-06T17:00:00+00:00,2026-09-06T18:00:00+00:00,,onsite,Kampüs Salon 10,free,0,20,tr,published,approved,4.76,
event-v3-0067,3.0,organizer-v3-007,official,yok-hacettepe,yok-hacettepe-main,ankara,Finance Kariyer Sohbeti,Finance alanında öğrencileri buluşturan uygulamalı kampüs etkinliği.,career,finance;career,,,network,networking,2026-08-07T15:00:00+00:00,2026-08-07T18:00:00+00:00,,online,Online,free,0,100,tr,published,approved,4.44,
event-v3-0068,3.0,organizer-v3-024,official,yok-ankara,yok-ankara-main,ankara,Ui Ux Sergisi,Ui Ux alanında öğrencileri buluşturan uygulamalı kampüs etkinliği.,design-art,ui-ux;theatre;graphic-design,,4,career;social-impact,trip,2026-09-28T10:00:00+00:00,2026-09-28T14:00:00+00:00,,onsite,Kampüs Salon 13,free,0,80,mixed,published,approved,4.91,
event-v3-0069,3.0,organizer-v3-018,official,yok-itu,yok-itu-main,istanbul,Nutrition Turnuvası,Nutrition alanında öğrencileri buluşturan uygulamalı kampüs etkinliği.,sports-health,nutrition;wellbeing;mental-health,business,,social-impact,competition,2026-08-04T09:00:00+00:00,2026-08-04T13:00:00+00:00,,onsite,Kampüs Salon 8,free,0,100,tr,published,approved,4.56,
event-v3-0070,3.0,organizer-v3-028,official,yok-hacettepe,yok-hacettepe-main,ankara,Nutrition Turnuvası,Nutrition alanında öğrencileri buluşturan uygulamalı kampüs etkinliği.,sports-health,nutrition;sports,,,learn,conference,2026-10-07T16:00:00+00:00,2026-10-07T18:00:00+00:00,,onsite,Kampüs Salon 13,paid,100,100,en,published,approved,4.13,
event-v3-0071,3.0,organizer-v3-018,official,yok-itu,yok-itu-main,istanbul,Cybersecurity Proje Günü,Cybersecurity alanında öğrencileri buluşturan uygulamalı kampüs etkinliği.,technology,cybersecurity;mobile-development;game-development,,,network;social-impact,networking,2027-01-20T15:00:00+00:00,2027-01-20T19:00:00+00:00,,hybrid,Kampüs Salon 10,free,0,80,tr,published,approved,4.56,
event-v3-0072,3.0,organizer-v3-025,official,yok-yildiz,yok-yildiz-main,istanbul,Web Development Buluşması,Web Development alanında öğrencileri buluşturan uygulamalı kampüs etkinliği.,technology,web-development;ai;mobile-development,business,4,network;compete,seminar,2027-01-27T18:00:00+00:00,2027-01-27T21:00:00+00:00,,onsite,Kampüs Salon 14,free,0,30,tr,published,approved,4.85,
event-v3-0073,3.0,organizer-v3-017,official,yok-yildiz,yok-yildiz-main,istanbul,Health Sciences Konferansı,Health Sciences alanında öğrencileri buluşturan uygulamalı kampüs etkinliği.,science,health-sciences,,,career;network;learn,trip,2026-11-19T17:00:00+00:00,2026-11-19T18:00:00+00:00,,online,Online,free,0,50,tr,published,approved,3.4,
event-v3-0074,3.0,organizer-v3-010,official,yok-bogazici,yok-bogazici-main,istanbul,Ai Atölyesi,Ai alanında öğrencileri buluşturan uygulamalı kampüs etkinliği.,technology,ai;cybersecurity,,,compete,trip,2026-11-23T12:00:00+00:00,2026-11-23T13:00:00+00:00,,online,Online,free,0,100,tr,published,approved,3.85,
event-v3-0075,3.0,organizer-v3-029,official,yok-hacettepe,yok-hacettepe-main,ankara,Mental Health Kampüs Buluşması,Mental Health alanında öğrencileri buluşturan uygulamalı kampüs etkinliği.,sports-health,mental-health;nutrition,industrial-engineering,,compete,trip,2026-08-04T16:00:00+00:00,2026-08-04T20:00:00+00:00,,hybrid,Kampüs Salon 14,free,0,20,tr,published,approved,3.92,
event-v3-0076,3.0,organizer-v3-018,official,yok-itu,yok-itu-main,istanbul,Product Semineri,Product alanında öğrencileri buluşturan uygulamalı kampüs etkinliği.,career,product,,1,social-impact;career;learn,seminar,2026-10-19T16:00:00+00:00,2026-10-19T18:00:00+00:00,,onsite,Kampüs Salon 16,paid,200,100,mixed,published,approved,4.56,
event-v3-0077,3.0,organizer-v3-015,official,yok-yildiz,yok-yildiz-main,istanbul,Natural Sciences Laboratuvar Atölyesi,Natural Sciences alanında öğrencileri buluşturan uygulamalı kampüs etkinliği.,science,natural-sciences,,,network,seminar,2026-11-10T17:00:00+00:00,2026-11-10T20:00:00+00:00,,hybrid,Kampüs Salon 15,free,0,100,tr,published,approved,4.05,
event-v3-0078,3.0,organizer-v3-003,official,yok-hacettepe,yok-hacettepe-main,ankara,Engineering Laboratuvar Atölyesi,Engineering alanında öğrencileri buluşturan uygulamalı kampüs etkinliği.,science,engineering;natural-sciences;social-sciences,business,,build-project;network;career,social,2026-12-17T12:00:00+00:00,2026-12-17T15:00:00+00:00,,hybrid,Kampüs Salon 16,free,0,30,tr,published,approved,4.96,
event-v3-0079,3.0,organizer-v3-026,official,yok-yildiz,yok-yildiz-main,istanbul,Social Sciences Konferansı,Social Sciences alanında öğrencileri buluşturan uygulamalı kampüs etkinliği.,science,social-sciences,,,network;compete,social,2026-08-18T10:00:00+00:00,2026-08-18T14:00:00+00:00,,online,Online,free,0,30,tr,published,approved,4.17,
event-v3-0080,3.0,organizer-v3-029,official,yok-itu,yok-itu-main,istanbul,Music Sergisi,Music alanında öğrencileri buluşturan uygulamalı kampüs etkinliği.,design-art,music;photography;theatre,,4,network;career,conference,2026-09-02T14:00:00+00:00,2026-09-02T15:00:00+00:00,,onsite,Kampüs Salon 19,free,0,20,tr,published,approved,3.92,
event-v3-0081,3.0,organizer-v3-071,micro,yok-itu,yok-itu-main,istanbul,Mikro: Sustainability Fikir Maratonu,Sustainability alanında öğrencileri buluşturan uygulamalı kampüs etkinliği.,social-impact,sustainability;social-responsibility;volunteering,business,,learn,seminar,2026-11-24T18:00:00+00:00,2026-11-24T21:00:00+00:00,2026-11-24T17:30:00+00:00,online,Online,free,0,40,en,published,not_required,4.67,
event-v3-0082,3.0,organizer-v3-079,micro,yok-yildiz,yok-yildiz-main,istanbul,Mikro: Entrepreneurship Semineri,Entrepreneurship alanında öğrencileri buluşturan uygulamalı kampüs etkinliği.,career,entrepreneurship;product;finance,computer-engineering,,learn;social-impact;build-project,social,2026-10-02T12:00:00+00:00,2026-10-02T13:00:00+00:00,2026-10-02T11:30:00+00:00,onsite,Kampüs Salon 19,paid,100,40,tr,published,not_required,4.81,
event-v3-0083,3.0,organizer-v3-032,micro,yok-bogazici,yok-bogazici-main,istanbul,Mikro: Entrepreneurship Kariyer Sohbeti,Entrepreneurship alanında öğrencileri buluşturan uygulamalı kampüs etkinliği.,career,entrepreneurship;product,industrial-engineering,,compete,seminar,2026-08-16T17:00:00+00:00,2026-08-16T20:00:00+00:00,2026-08-16T16:30:00+00:00,online,Online,free,0,30,tr,published,not_required,3.81,
event-v3-0084,3.0,organizer-v3-076,micro,yok-yildiz,yok-yildiz-main,istanbul,Mikro: Volunteering Fikir Maratonu,Volunteering alanında öğrencileri buluşturan uygulamalı kampüs etkinliği.,social-impact,volunteering;sustainability,psychology,2,compete;network;social-impact,networking,2026-11-30T19:00:00+00:00,2026-11-30T21:00:00+00:00,2026-11-30T18:30:00+00:00,online,Online,free,0,30,tr,published,not_required,1.25,
event-v3-0085,3.0,organizer-v3-080,micro,yok-ankara,yok-ankara-main,ankara,Mikro: International Community Konuşma Kulübü,International Community alanında öğrencileri buluşturan uygulamalı kampüs etkinliği.,culture-community,international-community,computer-engineering,,social-impact;compete,social,2026-10-18T16:00:00+00:00,2026-10-18T19:00:00+00:00,2026-10-18T15:30:00+00:00,hybrid,Kampüs Salon 20,paid,200,50,tr,published,not_required,1.79,
event-v3-0086,3.0,organizer-v3-077,micro,yok-iyte,yok-iyte-main,izmir,Mikro: Nutrition Turnuvası,Nutrition alanında öğrencileri buluşturan uygulamalı kampüs etkinliği.,sports-health,nutrition,industrial-engineering,,career;network;learn,workshop,2026-08-25T12:00:00+00:00,2026-08-25T14:00:00+00:00,2026-08-25T11:30:00+00:00,hybrid,Kampüs Salon 11,free,0,50,tr,published,not_required,4.06,
event-v3-0087,3.0,organizer-v3-064,micro,yok-iyte,yok-iyte-main,izmir,Mikro: Languages Kültür Buluşması,Languages alanında öğrencileri buluşturan uygulamalı kampüs etkinliği.,culture-community,languages;international-community,computer-engineering,,learn;build-project,seminar,2026-11-09T11:00:00+00:00,2026-11-09T15:00:00+00:00,2026-11-09T10:30:00+00:00,onsite,Kampüs Salon 3,free,0,30,en,published,not_required,4.9,
event-v3-0088,3.0,organizer-v3-036,micro,yok-hacettepe,yok-hacettepe-main,ankara,Mikro: Languages Kültür Buluşması,Languages alanında öğrencileri buluşturan uygulamalı kampüs etkinliği.,culture-community,languages;culture;travel,computer-engineering,3,network;compete;build-project,networking,2026-08-10T13:00:00+00:00,2026-08-10T14:00:00+00:00,2026-08-10T12:30:00+00:00,online,Online,paid,50,40,mixed,published,not_required,4.0,
event-v3-0089,3.0,organizer-v3-076,micro,yok-ankara,yok-ankara-main,ankara,Mikro: Cybersecurity Atölyesi,Cybersecurity alanında öğrencileri buluşturan uygulamalı kampüs etkinliği.,technology,cybersecurity,psychology,,compete,networking,2026-08-09T10:00:00+00:00,2026-08-09T11:00:00+00:00,2026-08-09T09:30:00+00:00,hybrid,Kampüs Salon 12,free,0,20,tr,published,not_required,1.25,
event-v3-0090,3.0,organizer-v3-064,micro,yok-bogazici,yok-bogazici-main,istanbul,Mikro: Nutrition Başlangıç Etkinliği,Nutrition alanında öğrencileri buluşturan uygulamalı kampüs etkinliği.,sports-health,nutrition;mental-health;sports,computer-engineering,,build-project;career,seminar,2026-12-05T17:00:00+00:00,2026-12-05T21:00:00+00:00,2026-12-05T16:30:00+00:00,online,Online,free,0,50,en,published,not_required,4.9,
event-v3-0091,3.0,organizer-v3-051,micro,yok-bogazici,yok-bogazici-main,istanbul,Mikro: Health Sciences Laboratuvar Atölyesi,Health Sciences alanında öğrencileri buluşturan uygulamalı kampüs etkinliği.,science,health-sciences,business,,social-impact;compete,trip,2026-12-16T12:00:00+00:00,2026-12-16T13:00:00+00:00,2026-12-16T11:30:00+00:00,online,Online,free,0,80,en,published,not_required,3.61,
event-v3-0092,3.0,organizer-v3-033,micro,yok-itu,yok-itu-main,istanbul,Mikro: Entrepreneurship Networking Günü,Entrepreneurship alanında öğrencileri buluşturan uygulamalı kampüs etkinliği.,career,entrepreneurship;finance,business,1,social-impact;career,seminar,2026-11-17T14:00:00+00:00,2026-11-17T16:00:00+00:00,2026-11-17T13:30:00+00:00,onsite,Kampüs Salon 6,free,0,50,tr,published,not_required,3.56,
event-v3-0093,3.0,organizer-v3-044,micro,yok-yildiz,yok-yildiz-main,istanbul,Mikro: Culture Kültür Buluşması,Culture alanında öğrencileri buluşturan uygulamalı kampüs etkinliği.,culture-community,culture,computer-engineering,,compete;network,conference,2026-08-02T10:00:00+00:00,2026-08-02T12:00:00+00:00,2026-08-02T09:30:00+00:00,hybrid,Kampüs Salon 11,paid,200,40,tr,published,not_required,4.0,
event-v3-0094,3.0,organizer-v3-043,micro,yok-ankara,yok-ankara-main,ankara,Mikro: Culture Kampüs Gezisi,Culture alanında öğrencileri buluşturan uygulamalı kampüs etkinliği.,culture-community,culture;travel;international-community,computer-engineering,,network,seminar,2027-01-04T12:00:00+00:00,2027-01-04T13:00:00+00:00,2027-01-04T11:30:00+00:00,hybrid,Kampüs Salon 1,free,0,20,tr,published,not_required,3.3,
event-v3-0095,3.0,organizer-v3-042,micro,yok-iyte,yok-iyte-main,izmir,Mikro: Product Networking Günü,Product alanında öğrencileri buluşturan uygulamalı kampüs etkinliği.,career,product;finance,industrial-engineering,,compete;learn,seminar,2026-10-21T13:00:00+00:00,2026-10-21T15:00:00+00:00,2026-10-21T12:30:00+00:00,online,Online,paid,100,50,tr,published,not_required,4.77,
event-v3-0096,3.0,organizer-v3-047,micro,yok-yildiz,yok-yildiz-main,istanbul,Mikro: Finance Semineri,Finance alanında öğrencileri buluşturan uygulamalı kampüs etkinliği.,career,finance,industrial-engineering,1,career;social-impact;learn,social,2027-01-17T17:00:00+00:00,2027-01-17T20:00:00+00:00,2027-01-17T16:30:00+00:00,hybrid,Kampüs Salon 1,free,0,30,en,published,not_required,4.66,
event-v3-0097,3.0,organizer-v3-071,micro,yok-itu,yok-itu-main,istanbul,Mikro: Career Networking Günü,Career alanında öğrencileri buluşturan uygulamalı kampüs etkinliği.,career,career;finance,computer-engineering,,social-impact,networking,2026-12-28T19:00:00+00:00,2026-12-28T21:00:00+00:00,2026-12-28T18:30:00+00:00,hybrid,Kampüs Salon 8,free,0,80,en,published,not_required,4.67,
event-v3-0098,3.0,organizer-v3-073,micro,yok-bogazici,yok-bogazici-main,istanbul,Mikro: Entrepreneurship Kariyer Sohbeti,Entrepreneurship alanında öğrencileri buluşturan uygulamalı kampüs etkinliği.,career,entrepreneurship;product;career,industrial-engineering,,build-project;network,seminar,2026-08-26T19:00:00+00:00,2026-08-26T22:00:00+00:00,2026-08-26T18:30:00+00:00,hybrid,Kampüs Salon 8,free,0,100,en,published,not_required,3.75,
event-v3-0099,3.0,organizer-v3-031,micro,yok-hacettepe,yok-hacettepe-main,ankara,Mikro: Nutrition Turnuvası,Nutrition alanında öğrencileri buluşturan uygulamalı kampüs etkinliği.,sports-health,nutrition;mental-health;sports,psychology,,network,workshop,2026-08-03T15:00:00+00:00,2026-08-03T16:00:00+00:00,2026-08-03T14:30:00+00:00,online,Online,free,0,100,tr,published,not_required,3.67,
event-v3-0100,3.0,organizer-v3-055,micro,yok-ankara,yok-ankara-main,ankara,Mikro: Game Development Buluşması,Game Development alanında öğrencileri buluşturan uygulamalı kampüs etkinliği.,technology,game-development;ai,computer-engineering,2,career;learn;build-project,seminar,2026-08-19T18:00:00+00:00,2026-08-19T20:00:00+00:00,2026-08-19T17:30:00+00:00,online,Online,free,0,100,en,published,not_required,4.52,
event-v3-0101,3.0,organizer-v3-041,micro,yok-hacettepe,yok-hacettepe-main,ankara,Mikro: Wellbeing Turnuvası,Wellbeing alanında öğrencileri buluşturan uygulamalı kampüs etkinliği.,sports-health,wellbeing,computer-engineering,,network;learn;social-impact,social,2026-09-10T14:00:00+00:00,2026-09-10T16:00:00+00:00,2026-09-10T13:30:00+00:00,hybrid,Kampüs Salon 3,free,0,30,mixed,published,not_required,3.49,
event-v3-0102,3.0,organizer-v3-041,micro,yok-yildiz,yok-yildiz-main,istanbul,Mikro: Entrepreneurship Kariyer Sohbeti,Entrepreneurship alanında öğrencileri buluşturan uygulamalı kampüs etkinliği.,career,entrepreneurship;finance,industrial-engineering,,learn;career,workshop,2026-08-22T12:00:00+00:00,2026-08-22T15:00:00+00:00,2026-08-22T11:30:00+00:00,hybrid,Kampüs Salon 8,free,0,100,tr,published,not_required,3.49,
event-v3-0103,3.0,organizer-v3-052,micro,yok-iyte,yok-iyte-main,izmir,Mikro: Social Responsibility Topluluk Buluşması,Social Responsibility alanında öğrencileri buluşturan uygulamalı kampüs etkinliği.,social-impact,social-responsibility,psychology,,network,networking,2026-08-20T12:00:00+00:00,2026-08-20T16:00:00+00:00,2026-08-20T11:30:00+00:00,hybrid,Kampüs Salon 9,paid,150,30,tr,published,not_required,4.3,
event-v3-0104,3.0,organizer-v3-031,micro,yok-yildiz,yok-yildiz-main,istanbul,Mikro: Entrepreneurship Networking Günü,Entrepreneurship alanında öğrencileri buluşturan uygulamalı kampüs etkinliği.,career,entrepreneurship;product;career,psychology,3,build-project;career;network,trip,2026-10-05T19:00:00+00:00,2026-10-05T23:00:00+00:00,2026-10-05T18:30:00+00:00,online,Online,free,0,40,tr,published,not_required,3.67,
event-v3-0105,3.0,organizer-v3-064,micro,yok-bogazici,yok-bogazici-main,istanbul,Mikro: Entrepreneurship Semineri,Entrepreneurship alanında öğrencileri buluşturan uygulamalı kampüs etkinliği.,career,entrepreneurship,computer-engineering,,career;learn,conference,2027-01-04T14:00:00+00:00,2027-01-04T17:00:00+00:00,2027-01-04T13:30:00+00:00,hybrid,Kampüs Salon 6,free,0,20,tr,published,not_required,4.9,
event-v3-0106,3.0,organizer-v3-078,micro,yok-bogazici,yok-bogazici-main,istanbul,Mikro: Health Sciences Araştırma Günleri,Health Sciences alanında öğrencileri buluşturan uygulamalı kampüs etkinliği.,science,health-sciences,business,,compete;build-project,trip,2026-11-21T16:00:00+00:00,2026-11-21T17:00:00+00:00,2026-11-21T15:30:00+00:00,onsite,Kampüs Salon 7,free,0,30,tr,published,not_required,1.68,
event-v3-0107,3.0,organizer-v3-076,micro,yok-hacettepe,yok-hacettepe-main,ankara,Mikro: Cybersecurity Proje Günü,Cybersecurity alanında öğrencileri buluşturan uygulamalı kampüs etkinliği.,technology,cybersecurity;game-development;ai,business,,network;career,conference,2026-11-30T12:00:00+00:00,2026-11-30T14:00:00+00:00,2026-11-30T11:30:00+00:00,hybrid,Kampüs Salon 11,free,0,100,tr,published,not_required,1.25,
event-v3-0108,3.0,organizer-v3-068,micro,yok-yildiz,yok-yildiz-main,istanbul,Mikro: International Community Kültür Buluşması,International Community alanında öğrencileri buluşturan uygulamalı kampüs etkinliği.,culture-community,international-community,industrial-engineering,1,career;social-impact,social,2026-10-04T19:00:00+00:00,2026-10-04T23:00:00+00:00,2026-10-04T18:30:00+00:00,onsite,Kampüs Salon 13,free,0,100,tr,published,not_required,4.89,
event-v3-0109,3.0,organizer-v3-031,micro,yok-itu,yok-itu-main,istanbul,Mikro: Social Responsibility Topluluk Buluşması,Social Responsibility alanında öğrencileri buluşturan uygulamalı kampüs etkinliği.,social-impact,social-responsibility;sustainability,psychology,,learn,conference,2026-08-07T10:00:00+00:00,2026-08-07T11:00:00+00:00,2026-08-07T09:30:00+00:00,online,Online,free,0,30,tr,published,not_required,3.67,
event-v3-0110,3.0,organizer-v3-052,micro,yok-bogazici,yok-bogazici-main,istanbul,Mikro: Culture Kültür Buluşması,Culture alanında öğrencileri buluşturan uygulamalı kampüs etkinliği.,culture-community,culture;travel,industrial-engineering,,learn;social-impact;compete,networking,2026-10-23T11:00:00+00:00,2026-10-23T13:00:00+00:00,2026-10-23T10:30:00+00:00,onsite,Kampüs Salon 16,paid,100,80,en,published,not_required,4.3,
event-v3-0111,3.0,organizer-v3-079,micro,yok-hacettepe,yok-hacettepe-main,ankara,Mikro: Mental Health Başlangıç Etkinliği,Mental Health alanında öğrencileri buluşturan uygulamalı kampüs etkinliği.,sports-health,mental-health,business,,social-impact;network;compete,networking,2026-10-10T10:00:00+00:00,2026-10-10T12:00:00+00:00,2026-10-10T09:30:00+00:00,onsite,Kampüs Salon 19,free,0,50,tr,published,not_required,4.81,
event-v3-0112,3.0,organizer-v3-049,micro,yok-yildiz,yok-yildiz-main,istanbul,Mikro: Health Sciences Konferansı,Health Sciences alanında öğrencileri buluşturan uygulamalı kampüs etkinliği.,science,health-sciences,industrial-engineering,4,social-impact;network;build-project,seminar,2026-11-20T15:00:00+00:00,2026-11-20T16:00:00+00:00,2026-11-20T14:30:00+00:00,onsite,Kampüs Salon 10,free,0,50,tr,published,not_required,4.87,
event-v3-0113,3.0,organizer-v3-077,micro,yok-yildiz,yok-yildiz-main,istanbul,Mikro: Sports Başlangıç Etkinliği,Sports alanında öğrencileri buluşturan uygulamalı kampüs etkinliği.,sports-health,sports,computer-engineering,,compete,workshop,2026-09-22T18:00:00+00:00,2026-09-22T21:00:00+00:00,2026-09-22T17:30:00+00:00,hybrid,Kampüs Salon 11,free,0,100,mixed,published,not_required,4.06,
event-v3-0114,3.0,organizer-v3-055,micro,yok-iyte,yok-iyte-main,izmir,Mikro: Product Networking Günü,Product alanında öğrencileri buluşturan uygulamalı kampüs etkinliği.,career,product,psychology,,career,seminar,2027-01-24T14:00:00+00:00,2027-01-24T18:00:00+00:00,2027-01-24T13:30:00+00:00,hybrid,Kampüs Salon 11,free,0,100,tr,published,not_required,4.52,
event-v3-0115,3.0,organizer-v3-039,micro,yok-bogazici,yok-bogazici-main,istanbul,Mikro: Product Semineri,Product alanında öğrencileri buluşturan uygulamalı kampüs etkinliği.,career,product,psychology,,build-project;learn;network,social,2026-11-24T11:00:00+00:00,2026-11-24T15:00:00+00:00,2026-11-24T10:30:00+00:00,hybrid,Kampüs Salon 18,free,0,40,en,published,not_required,4.03,
event-v3-0116,3.0,organizer-v3-048,micro,yok-ankara,yok-ankara-main,ankara,Mikro: Finance Semineri,Finance alanında öğrencileri buluşturan uygulamalı kampüs etkinliği.,career,finance;product;career,computer-engineering,2,build-project;learn;network,workshop,2026-08-15T09:00:00+00:00,2026-08-15T13:00:00+00:00,2026-08-15T08:30:00+00:00,onsite,Kampüs Salon 20,free,0,100,tr,published,not_required,4.57,
event-v3-0117,3.0,organizer-v3-033,micro,yok-hacettepe,yok-hacettepe-main,ankara,Mikro: Mental Health Kampüs Buluşması,Mental Health alanında öğrencileri buluşturan uygulamalı kampüs etkinliği.,sports-health,mental-health;wellbeing;nutrition,business,,build-project;learn;compete,networking,2026-11-17T12:00:00+00:00,2026-11-17T13:00:00+00:00,2026-11-17T11:30:00+00:00,onsite,Kampüs Salon 3,free,0,30,tr,published,not_required,3.56,
event-v3-0118,3.0,organizer-v3-047,micro,yok-hacettepe,yok-hacettepe-main,ankara,Mikro: Social Responsibility Topluluk Buluşması,Social Responsibility alanında öğrencileri buluşturan uygulamalı kampüs etkinliği.,social-impact,social-responsibility;volunteering,industrial-engineering,,social-impact;network,seminar,2026-09-29T11:00:00+00:00,2026-09-29T12:00:00+00:00,2026-09-29T10:30:00+00:00,online,Online,paid,150,30,tr,published,not_required,4.66,
event-v3-0119,3.0,organizer-v3-038,micro,yok-yildiz,yok-yildiz-main,istanbul,Mikro: Social Sciences Araştırma Günleri,Social Sciences alanında öğrencileri buluşturan uygulamalı kampüs etkinliği.,science,social-sciences;natural-sciences;engineering,business,,learn;career,networking,2026-10-20T19:00:00+00:00,2026-10-20T21:00:00+00:00,2026-10-20T18:30:00+00:00,online,Online,free,0,100,tr,published,not_required,3.76,
event-v3-0120,3.0,organizer-v3-042,micro,yok-iyte,yok-iyte-main,izmir,Mikro: Sustainability Topluluk Buluşması,Sustainability alanında öğrencileri buluşturan uygulamalı kampüs etkinliği.,social-impact,sustainability,industrial-engineering,2,network,conference,2026-08-01T17:00:00+00:00,2026-08-01T20:00:00+00:00,2026-08-01T16:30:00+00:00,hybrid,Kampüs Salon 19,free,0,80,en,published,not_required,4.77,
event-v3-0121,3.0,organizer-v3-038,micro,yok-itu,yok-itu-main,istanbul,Mikro: Photography Sahne Gecesi,Photography alanında öğrencileri buluşturan uygulamalı kampüs etkinliği.,design-art,photography,business,,network;build-project,trip,2026-11-07T09:00:00+00:00,2026-11-07T10:00:00+00:00,2026-11-07T08:30:00+00:00,onsite,Kampüs Salon 7,paid,50,40,tr,published,not_required,3.76,
event-v3-0122,3.0,organizer-v3-071,micro,yok-ankara,yok-ankara-main,ankara,Mikro: Finance Semineri,Finance alanında öğrencileri buluşturan uygulamalı kampüs etkinliği.,career,finance;product,computer-engineering,,compete;network;social-impact,trip,2026-10-07T14:00:00+00:00,2026-10-07T16:00:00+00:00,2026-10-07T13:30:00+00:00,onsite,Kampüs Salon 17,free,0,30,tr,published,not_required,4.67,
event-v3-0123,3.0,organizer-v3-041,micro,yok-iyte,yok-iyte-main,izmir,Mikro: Volunteering Topluluk Buluşması,Volunteering alanında öğrencileri buluşturan uygulamalı kampüs etkinliği.,social-impact,volunteering;social-responsibility;sustainability,industrial-engineering,,career,seminar,2026-12-29T09:00:00+00:00,2026-12-29T12:00:00+00:00,2026-12-29T08:30:00+00:00,hybrid,Kampüs Salon 14,free,0,40,tr,published,not_required,3.49,
event-v3-0124,3.0,organizer-v3-063,micro,yok-yildiz,yok-yildiz-main,istanbul,Mikro: Music Tasarım Atölyesi,Music alanında öğrencileri buluşturan uygulamalı kampüs etkinliği.,design-art,music,psychology,1,build-project;social-impact,competition,2026-09-10T10:00:00+00:00,2026-09-10T13:00:00+00:00,2026-09-10T09:30:00+00:00,hybrid,Kampüs Salon 2,free,0,80,tr,published,not_required,3.5,
event-v3-0125,3.0,organizer-v3-044,micro,yok-yildiz,yok-yildiz-main,istanbul,Mikro: Social Sciences Araştırma Günleri,Social Sciences alanında öğrencileri buluşturan uygulamalı kampüs etkinliği.,science,social-sciences,business,,social-impact;learn,social,2026-10-03T14:00:00+00:00,2026-10-03T16:00:00+00:00,2026-10-03T13:30:00+00:00,hybrid,Kampüs Salon 18,free,0,80,en,published,not_required,4.0,
event-v3-0126,3.0,organizer-v3-043,micro,yok-hacettepe,yok-hacettepe-main,ankara,Mikro: Culture Konuşma Kulübü,Culture alanında öğrencileri buluşturan uygulamalı kampüs etkinliği.,culture-community,culture,computer-engineering,,network,competition,2027-01-07T09:00:00+00:00,2027-01-07T12:00:00+00:00,2027-01-07T08:30:00+00:00,hybrid,Kampüs Salon 5,free,0,80,tr,published,not_required,3.3,
event-v3-0127,3.0,organizer-v3-045,micro,yok-ankara,yok-ankara-main,ankara,Mikro: Photography Tasarım Atölyesi,Photography alanında öğrencileri buluşturan uygulamalı kampüs etkinliği.,design-art,photography;graphic-design;ui-ux,psychology,,compete,workshop,2026-10-04T12:00:00+00:00,2026-10-04T15:00:00+00:00,2026-10-04T11:30:00+00:00,hybrid,Kampüs Salon 6,free,0,100,tr,published,not_required,3.79,
event-v3-0128,3.0,organizer-v3-039,micro,yok-hacettepe,yok-hacettepe-main,ankara,Mikro: Languages Konuşma Kulübü,Languages alanında öğrencileri buluşturan uygulamalı kampüs etkinliği.,culture-community,languages;international-community;travel,computer-engineering,3,build-project,workshop,2026-12-23T09:00:00+00:00,2026-12-23T11:00:00+00:00,2026-12-23T08:30:00+00:00,onsite,Kampüs Salon 4,free,0,100,tr,published,not_required,4.03,
event-v3-0129,3.0,organizer-v3-074,micro,yok-itu,yok-itu-main,istanbul,Mikro: Wellbeing Kampüs Buluşması,Wellbeing alanında öğrencileri buluşturan uygulamalı kampüs etkinliği.,sports-health,wellbeing,psychology,,network,conference,2026-12-30T16:00:00+00:00,2026-12-30T20:00:00+00:00,2026-12-30T15:30:00+00:00,online,Online,free,0,30,tr,published,not_required,1.2,
event-v3-0130,3.0,organizer-v3-072,micro,yok-ankara,yok-ankara-main,ankara,Mikro: Game Development Atölyesi,Game Development alanında öğrencileri buluşturan uygulamalı kampüs etkinliği.,technology,game-development;data-science;ai,psychology,,career;learn;social-impact,conference,2026-11-25T19:00:00+00:00,2026-11-25T20:00:00+00:00,2026-11-25T18:30:00+00:00,online,Online,free,0,50,en,published,not_required,1.5,
event-v3-0131,3.0,organizer-v3-045,micro,yok-hacettepe,yok-hacettepe-main,ankara,Mikro: Engineering Araştırma Günleri,Engineering alanında öğrencileri buluşturan uygulamalı kampüs etkinliği.,science,engineering;health-sciences;natural-sciences,industrial-engineering,,social-impact;build-project;compete,social,2026-12-18T11:00:00+00:00,2026-12-18T15:00:00+00:00,2026-12-18T10:30:00+00:00,online,Online,free,0,20,tr,published,not_required,3.79,
event-v3-0132,3.0,organizer-v3-050,micro,yok-iyte,yok-iyte-main,izmir,Mikro: Mobile Development Atölyesi,Mobile Development alanında öğrencileri buluşturan uygulamalı kampüs etkinliği.,technology,mobile-development;ai;cybersecurity,computer-engineering,4,compete,social,2026-09-16T11:00:00+00:00,2026-09-16T13:00:00+00:00,2026-09-16T10:30:00+00:00,online,Online,free,0,50,en,published,not_required,4.03,
event-v3-0133,3.0,organizer-v3-035,micro,yok-yildiz,yok-yildiz-main,istanbul,Mikro: Ai Buluşması,Ai alanında öğrencileri buluşturan uygulamalı kampüs etkinliği.,technology,ai;data-science;game-development,computer-engineering,,network;compete;social-impact,competition,2026-11-24T17:00:00+00:00,2026-11-24T18:00:00+00:00,2026-11-24T16:30:00+00:00,online,Online,free,0,40,tr,published,not_required,4.18,
event-v3-0134,3.0,organizer-v3-061,micro,yok-itu,yok-itu-main,istanbul,Mikro: Sustainability Gönüllülük Günü,Sustainability alanında öğrencileri buluşturan uygulamalı kampüs etkinliği.,social-impact,sustainability;social-responsibility,psychology,,career;network;build-project,workshop,2026-09-23T16:00:00+00:00,2026-09-23T18:00:00+00:00,2026-09-23T15:30:00+00:00,onsite,Kampüs Salon 11,free,0,50,tr,published,not_required,4.57,
event-v3-0135,3.0,organizer-v3-043,micro,yok-ankara,yok-ankara-main,ankara,Mikro: Entrepreneurship Networking Günü,Entrepreneurship alanında öğrencileri buluşturan uygulamalı kampüs etkinliği.,career,entrepreneurship;product,industrial-engineering,,learn;network;social-impact,conference,2026-09-30T15:00:00+00:00,2026-09-30T19:00:00+00:00,2026-09-30T14:30:00+00:00,online,Online,free,0,50,tr,published,not_required,3.3,
event-v3-0136,3.0,organizer-v3-047,micro,yok-hacettepe,yok-hacettepe-main,ankara,Mikro: Volunteering Gönüllülük Günü,Volunteering alanında öğrencileri buluşturan uygulamalı kampüs etkinliği.,social-impact,volunteering;social-responsibility;sustainability,psychology,3,learn;career,social,2026-09-17T15:00:00+00:00,2026-09-17T17:00:00+00:00,2026-09-17T14:30:00+00:00,hybrid,Kampüs Salon 11,free,0,30,tr,published,not_required,4.66,
event-v3-0137,3.0,organizer-v3-053,micro,yok-iyte,yok-iyte-main,izmir,Mikro: Social Responsibility Gönüllülük Günü,Social Responsibility alanında öğrencileri buluşturan uygulamalı kampüs etkinliği.,social-impact,social-responsibility;sustainability;volunteering,computer-engineering,,network,competition,2026-10-22T18:00:00+00:00,2026-10-22T21:00:00+00:00,2026-10-22T17:30:00+00:00,hybrid,Kampüs Salon 12,free,0,100,en,published,not_required,4.61,
event-v3-0138,3.0,organizer-v3-065,micro,yok-bogazici,yok-bogazici-main,istanbul,Mikro: Health Sciences Araştırma Günleri,Health Sciences alanında öğrencileri buluşturan uygulamalı kampüs etkinliği.,science,health-sciences,industrial-engineering,,learn;network,trip,2026-08-02T14:00:00+00:00,2026-08-02T16:00:00+00:00,2026-08-02T13:30:00+00:00,hybrid,Kampüs Salon 18,free,0,100,tr,published,not_required,4.96,
event-v3-0139,3.0,organizer-v3-079,micro,yok-yildiz,yok-yildiz-main,istanbul,Mikro: Finance Semineri,Finance alanında öğrencileri buluşturan uygulamalı kampüs etkinliği.,career,finance,industrial-engineering,,learn,networking,2026-08-06T09:00:00+00:00,2026-08-06T11:00:00+00:00,2026-08-06T08:30:00+00:00,online,Online,free,0,20,en,published,not_required,4.81,
event-v3-0140,3.0,organizer-v3-063,micro,yok-ankara,yok-ankara-main,ankara,Mikro: Entrepreneurship Kariyer Sohbeti,Entrepreneurship alanında öğrencileri buluşturan uygulamalı kampüs etkinliği.,career,entrepreneurship;finance,business,3,compete;build-project;social-impact,trip,2026-08-29T13:00:00+00:00,2026-08-29T15:00:00+00:00,2026-08-29T12:30:00+00:00,hybrid,Kampüs Salon 10,paid,100,100,tr,published,not_required,3.5,
event-v3-0141,3.0,organizer-v3-077,micro,yok-yildiz,yok-yildiz-main,istanbul,Mikro: Languages Kampüs Gezisi,Languages alanında öğrencileri buluşturan uygulamalı kampüs etkinliği.,culture-community,languages;travel,psychology,,compete;learn,seminar,2026-09-23T16:00:00+00:00,2026-09-23T19:00:00+00:00,2026-09-23T15:30:00+00:00,online,Online,free,0,40,tr,published,not_required,4.06,
event-v3-0142,3.0,organizer-v3-050,micro,yok-bogazici,yok-bogazici-main,istanbul,Mikro: Finance Semineri,Finance alanında öğrencileri buluşturan uygulamalı kampüs etkinliği.,career,finance;career;product,industrial-engineering,,learn;network;social-impact,competition,2026-09-23T15:00:00+00:00,2026-09-23T17:00:00+00:00,2026-09-23T14:30:00+00:00,hybrid,Kampüs Salon 10,paid,50,40,tr,published,not_required,4.03,
event-v3-0143,3.0,organizer-v3-036,micro,yok-itu,yok-itu-main,istanbul,Mikro: Finance Semineri,Finance alanında öğrencileri buluşturan uygulamalı kampüs etkinliği.,career,finance;product,industrial-engineering,,learn;social-impact,competition,2026-12-10T15:00:00+00:00,2026-12-10T17:00:00+00:00,2026-12-10T14:30:00+00:00,online,Online,free,0,100,tr,published,not_required,4.0,
event-v3-0144,3.0,organizer-v3-074,micro,yok-yildiz,yok-yildiz-main,istanbul,Mikro: Social Sciences Konferansı,Social Sciences alanında öğrencileri buluşturan uygulamalı kampüs etkinliği.,science,social-sciences;natural-sciences,industrial-engineering,1,learn,seminar,2027-01-03T10:00:00+00:00,2027-01-03T13:00:00+00:00,2027-01-03T09:30:00+00:00,hybrid,Kampüs Salon 4,free,0,50,tr,published,not_required,1.2,
event-v3-0145,3.0,organizer-v3-054,micro,yok-ankara,yok-ankara-main,ankara,Mikro: Wellbeing Başlangıç Etkinliği,Wellbeing alanında öğrencileri buluşturan uygulamalı kampüs etkinliği.,sports-health,wellbeing;nutrition;mental-health,computer-engineering,,social-impact,social,2026-10-24T19:00:00+00:00,2026-10-24T20:00:00+00:00,2026-10-24T18:30:00+00:00,online,Online,free,0,30,mixed,published,not_required,4.0,
event-v3-0146,3.0,organizer-v3-041,micro,yok-ankara,yok-ankara-main,ankara,Mikro: International Community Kampüs Gezisi,International Community alanında öğrencileri buluşturan uygulamalı kampüs etkinliği.,culture-community,international-community;travel,industrial-engineering,,compete;build-project;learn,social,2026-08-01T16:00:00+00:00,2026-08-01T19:00:00+00:00,2026-08-01T15:30:00+00:00,hybrid,Kampüs Salon 7,free,0,80,tr,published,not_required,3.49,
event-v3-0147,3.0,organizer-v3-036,micro,yok-iyte,yok-iyte-main,izmir,Mikro: Entrepreneurship Semineri,Entrepreneurship alanında öğrencileri buluşturan uygulamalı kampüs etkinliği.,career,entrepreneurship;product,business,,career,social,2026-10-31T10:00:00+00:00,2026-10-31T11:00:00+00:00,2026-10-31T09:30:00+00:00,onsite,Kampüs Salon 12,free,0,40,tr,published,not_required,4.0,
event-v3-0148,3.0,organizer-v3-039,micro,yok-hacettepe,yok-hacettepe-main,ankara,Mikro: Finance Kariyer Sohbeti,Finance alanında öğrencileri buluşturan uygulamalı kampüs etkinliği.,career,finance;product;entrepreneurship,business,1,career,competition,2026-12-08T19:00:00+00:00,2026-12-08T20:00:00+00:00,2026-12-08T18:30:00+00:00,hybrid,Kampüs Salon 2,free,0,80,tr,published,not_required,4.03,
event-v3-0149,3.0,organizer-v3-065,micro,yok-iyte,yok-iyte-main,izmir,Mikro: Mental Health Kampüs Buluşması,Mental Health alanında öğrencileri buluşturan uygulamalı kampüs etkinliği.,sports-health,mental-health;nutrition;sports,industrial-engineering,,career,seminar,2026-09-04T16:00:00+00:00,2026-09-04T17:00:00+00:00,2026-09-04T15:30:00+00:00,hybrid,Kampüs Salon 6,free,0,80,tr,published,not_required,4.96,
event-v3-0150,3.0,organizer-v3-040,micro,yok-hacettepe,yok-hacettepe-main,ankara,Mikro: Wellbeing Başlangıç Etkinliği,Wellbeing alanında öğrencileri buluşturan uygulamalı kampüs etkinliği.,sports-health,wellbeing;sports;mental-health,psychology,,network;build-project;learn,conference,2026-09-25T19:00:00+00:00,2026-09-25T22:00:00+00:00,2026-09-25T18:30:00+00:00,online,Online,free,0,40,tr,published,not_required,4.81,
event-v3-0151,3.0,organizer-v3-079,micro,yok-yildiz,yok-yildiz-main,istanbul,Mikro: Wellbeing Turnuvası,Wellbeing alanında öğrencileri buluşturan uygulamalı kampüs etkinliği.,sports-health,wellbeing;sports;nutrition,computer-engineering,,build-project;social-impact;network,workshop,2027-01-20T19:00:00+00:00,2027-01-20T21:00:00+00:00,2027-01-20T18:30:00+00:00,online,Online,free,0,20,tr,published,not_required,4.81,
event-v3-0152,3.0,organizer-v3-037,micro,yok-iyte,yok-iyte-main,izmir,Mikro: Music Sahne Gecesi,Music alanında öğrencileri buluşturan uygulamalı kampüs etkinliği.,design-art,music,business,3,learn,conference,2026-11-17T09:00:00+00:00,2026-11-17T11:00:00+00:00,2026-11-17T08:30:00+00:00,online,Online,free,0,20,tr,published,not_required,3.72,
event-v3-0153,3.0,organizer-v3-050,micro,yok-hacettepe,yok-hacettepe-main,ankara,Mikro: Health Sciences Konferansı,Health Sciences alanında öğrencileri buluşturan uygulamalı kampüs etkinliği.,science,health-sciences,business,,career;social-impact;compete,conference,2026-08-24T19:00:00+00:00,2026-08-24T23:00:00+00:00,2026-08-24T18:30:00+00:00,hybrid,Kampüs Salon 5,free,0,80,tr,published,not_required,4.03,
event-v3-0154,3.0,organizer-v3-038,micro,yok-itu,yok-itu-main,istanbul,Mikro: Ui Ux Tasarım Atölyesi,Ui Ux alanında öğrencileri buluşturan uygulamalı kampüs etkinliği.,design-art,ui-ux;theatre;graphic-design,business,,network,conference,2026-12-28T15:00:00+00:00,2026-12-28T17:00:00+00:00,2026-12-28T14:30:00+00:00,online,Online,free,0,30,tr,published,not_required,3.76,
event-v3-0155,3.0,organizer-v3-071,micro,yok-yildiz,yok-yildiz-main,istanbul,Mikro: Graphic Design Sergisi,Graphic Design alanında öğrencileri buluşturan uygulamalı kampüs etkinliği.,design-art,graphic-design,business,,career,networking,2026-08-21T16:00:00+00:00,2026-08-21T19:00:00+00:00,2026-08-21T15:30:00+00:00,online,Online,free,0,30,tr,published,not_required,4.67,
event-v3-0156,3.0,organizer-v3-078,micro,yok-yildiz,yok-yildiz-main,istanbul,Mikro: Languages Kampüs Gezisi,Languages alanında öğrencileri buluşturan uygulamalı kampüs etkinliği.,culture-community,languages;travel;international-community,psychology,3,network,seminar,2026-11-15T10:00:00+00:00,2026-11-15T11:00:00+00:00,2026-11-15T09:30:00+00:00,hybrid,Kampüs Salon 20,free,0,50,tr,published,not_required,1.68,
event-v3-0157,3.0,organizer-v3-045,micro,yok-yildiz,yok-yildiz-main,istanbul,Mikro: Cybersecurity Proje Günü,Cybersecurity alanında öğrencileri buluşturan uygulamalı kampüs etkinliği.,technology,cybersecurity,psychology,,compete;network;learn,networking,2027-01-11T19:00:00+00:00,2027-01-11T22:00:00+00:00,2027-01-11T18:30:00+00:00,onsite,Kampüs Salon 6,paid,200,20,tr,published,not_required,3.79,
event-v3-0158,3.0,organizer-v3-063,micro,yok-iyte,yok-iyte-main,izmir,Mikro: Social Responsibility Topluluk Buluşması,Social Responsibility alanında öğrencileri buluşturan uygulamalı kampüs etkinliği.,social-impact,social-responsibility;sustainability;volunteering,computer-engineering,,network;career,networking,2026-11-27T11:00:00+00:00,2026-11-27T15:00:00+00:00,2026-11-27T10:30:00+00:00,onsite,Kampüs Salon 5,free,0,100,tr,published,not_required,3.5,
event-v3-0159,3.0,organizer-v3-055,micro,yok-yildiz,yok-yildiz-main,istanbul,Mikro: International Community Konuşma Kulübü,International Community alanında öğrencileri buluşturan uygulamalı kampüs etkinliği.,culture-community,international-community;languages,business,,career,competition,2027-01-10T11:00:00+00:00,2027-01-10T12:00:00+00:00,2027-01-10T10:30:00+00:00,hybrid,Kampüs Salon 16,paid,150,40,mixed,published,not_required,4.52,
event-v3-0160,3.0,organizer-v3-075,micro,yok-bogazici,yok-bogazici-main,istanbul,Mikro: Product Kariyer Sohbeti,Product alanında öğrencileri buluşturan uygulamalı kampüs etkinliği.,career,product;finance;entrepreneurship,industrial-engineering,3,network;learn,competition,2026-12-14T12:00:00+00:00,2026-12-14T15:00:00+00:00,2026-12-14T11:30:00+00:00,hybrid,Kampüs Salon 14,free,0,80,tr,published,not_required,3.63,
event-v3-0161,3.0,organizer-v3-053,micro,yok-bogazici,yok-bogazici-main,istanbul,Mikro: Career Kariyer Sohbeti,Career alanında öğrencileri buluşturan uygulamalı kampüs etkinliği.,career,career,industrial-engineering,,compete;social-impact;build-project,seminar,2026-09-11T14:00:00+00:00,2026-09-11T16:00:00+00:00,2026-09-11T13:30:00+00:00,hybrid,Kampüs Salon 9,free,0,80,tr,published,not_required,4.61,
event-v3-0162,3.0,organizer-v3-053,micro,yok-hacettepe,yok-hacettepe-main,ankara,Mikro: Mobile Development Buluşması,Mobile Development alanında öğrencileri buluşturan uygulamalı kampüs etkinliği.,technology,mobile-development;cybersecurity;ai,business,,compete,seminar,2027-01-07T19:00:00+00:00,2027-01-07T23:00:00+00:00,2027-01-07T18:30:00+00:00,onsite,Kampüs Salon 3,paid,100,30,tr,published,not_required,4.61,
event-v3-0163,3.0,organizer-v3-032,micro,yok-bogazici,yok-bogazici-main,istanbul,Mikro: Data Science Proje Günü,Data Science alanında öğrencileri buluşturan uygulamalı kampüs etkinliği.,technology,data-science;web-development;mobile-development,computer-engineering,,compete;career,competition,2026-10-31T11:00:00+00:00,2026-10-31T13:00:00+00:00,2026-10-31T10:30:00+00:00,onsite,Kampüs Salon 12,free,0,30,tr,published,not_required,3.81,
event-v3-0164,3.0,organizer-v3-045,micro,yok-itu,yok-itu-main,istanbul,Mikro: Music Tasarım Atölyesi,Music alanında öğrencileri buluşturan uygulamalı kampüs etkinliği.,design-art,music;graphic-design;ui-ux,industrial-engineering,4,learn,networking,2026-10-22T13:00:00+00:00,2026-10-22T15:00:00+00:00,2026-10-22T12:30:00+00:00,online,Online,free,0,40,tr,published,not_required,3.79,
event-v3-0165,3.0,organizer-v3-044,micro,yok-iyte,yok-iyte-main,izmir,Mikro: Entrepreneurship Kariyer Sohbeti,Entrepreneurship alanında öğrencileri buluşturan uygulamalı kampüs etkinliği.,career,entrepreneurship,computer-engineering,,career;network;social-impact,competition,2026-09-13T10:00:00+00:00,2026-09-13T13:00:00+00:00,2026-09-13T09:30:00+00:00,online,Online,free,0,100,tr,published,not_required,4.0,
event-v3-0166,3.0,organizer-v3-073,micro,yok-bogazici,yok-bogazici-main,istanbul,Mikro: Cybersecurity Proje Günü,Cybersecurity alanında öğrencileri buluşturan uygulamalı kampüs etkinliği.,technology,cybersecurity;data-science;ai,psychology,,learn;social-impact;career,social,2026-10-12T15:00:00+00:00,2026-10-12T17:00:00+00:00,2026-10-12T14:30:00+00:00,hybrid,Kampüs Salon 5,free,0,80,tr,published,not_required,3.75,
event-v3-0167,3.0,organizer-v3-044,micro,yok-ankara,yok-ankara-main,ankara,Mikro: Mobile Development Proje Günü,Mobile Development alanında öğrencileri buluşturan uygulamalı kampüs etkinliği.,technology,mobile-development;web-development,business,,network;learn;build-project,competition,2026-11-16T09:00:00+00:00,2026-11-16T11:00:00+00:00,2026-11-16T08:30:00+00:00,online,Online,free,0,100,tr,published,not_required,4.0,
event-v3-0168,3.0,organizer-v3-042,micro,yok-ankara,yok-ankara-main,ankara,Mikro: Career Semineri,Career alanında öğrencileri buluşturan uygulamalı kampüs etkinliği.,career,career;finance,industrial-engineering,2,social-impact;career,competition,2026-11-27T16:00:00+00:00,2026-11-27T17:00:00+00:00,2026-11-27T15:30:00+00:00,online,Online,free,0,50,tr,published,not_required,4.77,
event-v3-0169,3.0,organizer-v3-039,micro,yok-iyte,yok-iyte-main,izmir,Mikro: Volunteering Fikir Maratonu,Volunteering alanında öğrencileri buluşturan uygulamalı kampüs etkinliği.,social-impact,volunteering,business,,learn;compete,social,2026-08-29T15:00:00+00:00,2026-08-29T16:00:00+00:00,2026-08-29T14:30:00+00:00,hybrid,Kampüs Salon 4,free,0,80,tr,published,not_required,4.03,
event-v3-0170,3.0,organizer-v3-068,micro,yok-ankara,yok-ankara-main,ankara,Mikro: Theatre Tasarım Atölyesi,Theatre alanında öğrencileri buluşturan uygulamalı kampüs etkinliği.,design-art,theatre;ui-ux,computer-engineering,,network;career,social,2026-11-05T09:00:00+00:00,2026-11-05T11:00:00+00:00,2026-11-05T08:30:00+00:00,online,Online,paid,200,100,tr,published,not_required,4.89,
event-v3-0171,3.0,organizer-v3-078,micro,yok-itu,yok-itu-main,istanbul,Mikro: Natural Sciences Araştırma Günleri,Natural Sciences alanında öğrencileri buluşturan uygulamalı kampüs etkinliği.,science,natural-sciences;social-sciences;health-sciences,business,,compete;social-impact,workshop,2026-08-25T13:00:00+00:00,2026-08-25T15:00:00+00:00,2026-08-25T12:30:00+00:00,hybrid,Kampüs Salon 1,free,0,50,mixed,published,not_required,1.68,
event-v3-0172,3.0,organizer-v3-057,micro,yok-ankara,yok-ankara-main,ankara,Mikro: Social Responsibility Gönüllülük Günü,Social Responsibility alanında öğrencileri buluşturan uygulamalı kampüs etkinliği.,social-impact,social-responsibility,business,2,compete;network,workshop,2027-01-23T13:00:00+00:00,2027-01-23T14:00:00+00:00,2027-01-23T12:30:00+00:00,onsite,Kampüs Salon 4,paid,150,50,tr,published,not_required,4.94,
event-v3-0173,3.0,organizer-v3-036,micro,yok-hacettepe,yok-hacettepe-main,ankara,Mikro: Wellbeing Turnuvası,Wellbeing alanında öğrencileri buluşturan uygulamalı kampüs etkinliği.,sports-health,wellbeing,computer-engineering,,social-impact;build-project;compete,competition,2026-12-16T13:00:00+00:00,2026-12-16T17:00:00+00:00,2026-12-16T12:30:00+00:00,onsite,Kampüs Salon 8,paid,50,50,tr,published,not_required,4.0,
event-v3-0174,3.0,organizer-v3-069,micro,yok-hacettepe,yok-hacettepe-main,ankara,Mikro: Social Sciences Araştırma Günleri,Social Sciences alanında öğrencileri buluşturan uygulamalı kampüs etkinliği.,science,social-sciences,industrial-engineering,,build-project;social-impact,networking,2026-09-09T17:00:00+00:00,2026-09-09T21:00:00+00:00,2026-09-09T16:30:00+00:00,hybrid,Kampüs Salon 2,free,0,40,en,published,not_required,4.9,
event-v3-0175,3.0,organizer-v3-064,micro,yok-hacettepe,yok-hacettepe-main,ankara,Mikro: Cybersecurity Proje Günü,Cybersecurity alanında öğrencileri buluşturan uygulamalı kampüs etkinliği.,technology,cybersecurity;data-science,industrial-engineering,,social-impact,conference,2026-10-12T18:00:00+00:00,2026-10-12T19:00:00+00:00,2026-10-12T17:30:00+00:00,online,Online,free,0,100,tr,published,not_required,4.9,
event-v3-0176,3.0,organizer-v3-080,micro,yok-yildiz,yok-yildiz-main,istanbul,Mikro: Travel Kampüs Gezisi,Travel alanında öğrencileri buluşturan uygulamalı kampüs etkinliği.,culture-community,travel;languages,computer-engineering,1,career,conference,2026-12-27T17:00:00+00:00,2026-12-27T19:00:00+00:00,2026-12-27T16:30:00+00:00,online,Online,free,0,100,tr,published,not_required,1.79,
event-v3-0177,3.0,organizer-v3-036,micro,yok-ankara,yok-ankara-main,ankara,Mikro: Travel Konuşma Kulübü,Travel alanında öğrencileri buluşturan uygulamalı kampüs etkinliği.,culture-community,travel;culture;languages,psychology,,network;social-impact,conference,2026-12-25T15:00:00+00:00,2026-12-25T18:00:00+00:00,2026-12-25T14:30:00+00:00,online,Online,free,0,20,mixed,published,not_required,4.0,
event-v3-0178,3.0,organizer-v3-052,micro,yok-itu,yok-itu-main,istanbul,Mikro: Travel Konuşma Kulübü,Travel alanında öğrencileri buluşturan uygulamalı kampüs etkinliği.,culture-community,travel,computer-engineering,,compete;build-project;learn,conference,2026-10-30T18:00:00+00:00,2026-10-30T19:00:00+00:00,2026-10-30T17:30:00+00:00,online,Online,free,0,50,tr,published,not_required,4.3,
event-v3-0179,3.0,organizer-v3-055,micro,yok-ankara,yok-ankara-main,ankara,Mikro: Health Sciences Konferansı,Health Sciences alanında öğrencileri buluşturan uygulamalı kampüs etkinliği.,science,health-sciences;natural-sciences,business,,network,workshop,2026-10-12T15:00:00+00:00,2026-10-12T16:00:00+00:00,2026-10-12T14:30:00+00:00,onsite,Kampüs Salon 17,free,0,50,tr,published,not_required,4.52,
event-v3-0180,3.0,organizer-v3-075,micro,yok-yildiz,yok-yildiz-main,istanbul,Mikro: International Community Konuşma Kulübü,International Community alanında öğrencileri buluşturan uygulamalı kampüs etkinliği.,culture-community,international-community;travel;languages,computer-engineering,1,build-project;career;learn,networking,2026-08-12T10:00:00+00:00,2026-08-12T14:00:00+00:00,2026-08-12T09:30:00+00:00,hybrid,Kampüs Salon 14,free,0,20,tr,published,not_required,3.63,
event-v3-0181,3.0,organizer-v3-066,micro,yok-bogazici,yok-bogazici-main,istanbul,Mikro: Product Semineri,Product alanında öğrencileri buluşturan uygulamalı kampüs etkinliği.,career,product,industrial-engineering,,career;build-project,conference,2026-10-28T14:00:00+00:00,2026-10-28T17:00:00+00:00,2026-10-28T13:30:00+00:00,hybrid,Kampüs Salon 3,free,0,100,tr,published,not_required,3.57,
event-v3-0182,3.0,organizer-v3-033,micro,yok-itu,yok-itu-main,istanbul,Mikro: Languages Konuşma Kulübü,Languages alanında öğrencileri buluşturan uygulamalı kampüs etkinliği.,culture-community,languages;international-community,industrial-engineering,,network;social-impact;learn,conference,2027-01-25T14:00:00+00:00,2027-01-25T15:00:00+00:00,2027-01-25T13:30:00+00:00,onsite,Kampüs Salon 13,free,0,20,tr,published,not_required,3.56,
event-v3-0183,3.0,organizer-v3-059,micro,yok-iyte,yok-iyte-main,izmir,Mikro: Theatre Tasarım Atölyesi,Theatre alanında öğrencileri buluşturan uygulamalı kampüs etkinliği.,design-art,theatre;graphic-design,industrial-engineering,,network;social-impact;learn,seminar,2026-12-18T19:00:00+00:00,2026-12-18T23:00:00+00:00,2026-12-18T18:30:00+00:00,online,Online,free,0,30,tr,published,not_required,3.23,
event-v3-0184,3.0,organizer-v3-052,micro,yok-bogazici,yok-bogazici-main,istanbul,Mikro: Ui Ux Sahne Gecesi,Ui Ux alanında öğrencileri buluşturan uygulamalı kampüs etkinliği.,design-art,ui-ux;music;graphic-design,industrial-engineering,1,compete,trip,2026-11-02T14:00:00+00:00,2026-11-02T17:00:00+00:00,2026-11-02T13:30:00+00:00,hybrid,Kampüs Salon 18,free,0,40,en,published,not_required,4.3,
event-v3-0185,3.0,organizer-v3-069,micro,yok-yildiz,yok-yildiz-main,istanbul,Mikro: Theatre Sergisi,Theatre alanında öğrencileri buluşturan uygulamalı kampüs etkinliği.,design-art,theatre;music,computer-engineering,,network;social-impact,social,2026-09-18T18:00:00+00:00,2026-09-18T19:00:00+00:00,2026-09-18T17:30:00+00:00,onsite,Kampüs Salon 15,free,0,80,tr,published,not_required,4.9,
event-v3-0186,3.0,organizer-v3-042,micro,yok-hacettepe,yok-hacettepe-main,ankara,Mikro: Mental Health Başlangıç Etkinliği,Mental Health alanında öğrencileri buluşturan uygulamalı kampüs etkinliği.,sports-health,mental-health,industrial-engineering,,career;network;social-impact,networking,2026-11-07T10:00:00+00:00,2026-11-07T13:00:00+00:00,2026-11-07T09:30:00+00:00,online,Online,free,0,40,en,published,not_required,4.77,
event-v3-0187,3.0,organizer-v3-079,micro,yok-yildiz,yok-yildiz-main,istanbul,Mikro: Volunteering Gönüllülük Günü,Volunteering alanında öğrencileri buluşturan uygulamalı kampüs etkinliği.,social-impact,volunteering;social-responsibility;sustainability,industrial-engineering,,network;build-project;compete,workshop,2026-08-20T18:00:00+00:00,2026-08-20T21:00:00+00:00,2026-08-20T17:30:00+00:00,online,Online,free,0,40,en,published,not_required,4.81,
event-v3-0188,3.0,organizer-v3-053,micro,yok-itu,yok-itu-main,istanbul,Mikro: Sustainability Topluluk Buluşması,Sustainability alanında öğrencileri buluşturan uygulamalı kampüs etkinliği.,social-impact,sustainability;social-responsibility;volunteering,psychology,3,career,networking,2026-12-10T13:00:00+00:00,2026-12-10T17:00:00+00:00,2026-12-10T12:30:00+00:00,onsite,Kampüs Salon 15,free,0,30,mixed,published,not_required,4.61,
event-v3-0189,3.0,organizer-v3-041,micro,yok-iyte,yok-iyte-main,izmir,Mikro: Cybersecurity Atölyesi,Cybersecurity alanında öğrencileri buluşturan uygulamalı kampüs etkinliği.,technology,cybersecurity;data-science;web-development,computer-engineering,,social-impact,networking,2026-11-23T18:00:00+00:00,2026-11-23T21:00:00+00:00,2026-11-23T17:30:00+00:00,online,Online,free,0,40,tr,published,not_required,3.49,
event-v3-0190,3.0,organizer-v3-047,micro,yok-ankara,yok-ankara-main,ankara,Mikro: Wellbeing Başlangıç Etkinliği,Wellbeing alanında öğrencileri buluşturan uygulamalı kampüs etkinliği.,sports-health,wellbeing;mental-health;nutrition,business,,compete;learn,workshop,2026-11-17T11:00:00+00:00,2026-11-17T13:00:00+00:00,2026-11-17T10:30:00+00:00,hybrid,Kampüs Salon 18,free,0,30,en,published,not_required,4.66,
event-v3-0191,3.0,organizer-v3-070,micro,yok-bogazici,yok-bogazici-main,istanbul,Mikro: Web Development Atölyesi,Web Development alanında öğrencileri buluşturan uygulamalı kampüs etkinliği.,technology,web-development;data-science;game-development,industrial-engineering,,career;network,trip,2027-01-24T13:00:00+00:00,2027-01-24T17:00:00+00:00,2027-01-24T12:30:00+00:00,onsite,Kampüs Salon 8,paid,50,30,en,published,not_required,4.1,
event-v3-0192,3.0,organizer-v3-050,micro,yok-iyte,yok-iyte-main,izmir,Mikro: Ai Buluşması,Ai alanında öğrencileri buluşturan uygulamalı kampüs etkinliği.,technology,ai;game-development;mobile-development,computer-engineering,3,career;social-impact,networking,2026-09-13T12:00:00+00:00,2026-09-13T14:00:00+00:00,2026-09-13T11:30:00+00:00,hybrid,Kampüs Salon 7,free,0,100,tr,published,not_required,4.03,
event-v3-0193,3.0,organizer-v3-075,micro,yok-yildiz,yok-yildiz-main,istanbul,Mikro: Sports Kampüs Buluşması,Sports alanında öğrencileri buluşturan uygulamalı kampüs etkinliği.,sports-health,sports;wellbeing;nutrition,psychology,,compete;build-project;career,social,2026-10-06T12:00:00+00:00,2026-10-06T13:00:00+00:00,2026-10-06T11:30:00+00:00,hybrid,Kampüs Salon 14,free,0,30,tr,published,not_required,3.63,
event-v3-0194,3.0,organizer-v3-056,micro,yok-hacettepe,yok-hacettepe-main,ankara,Mikro: Sustainability Gönüllülük Günü,Sustainability alanında öğrencileri buluşturan uygulamalı kampüs etkinliği.,social-impact,sustainability;social-responsibility;volunteering,business,,compete;career;build-project,competition,2026-08-24T15:00:00+00:00,2026-08-24T16:00:00+00:00,2026-08-24T14:30:00+00:00,online,Online,free,0,80,tr,published,not_required,3.92,
event-v3-0195,3.0,organizer-v3-059,micro,yok-ankara,yok-ankara-main,ankara,Mikro: Travel Konuşma Kulübü,Travel alanında öğrencileri buluşturan uygulamalı kampüs etkinliği.,culture-community,travel;culture;languages,psychology,,build-project;compete,conference,2027-01-11T14:00:00+00:00,2027-01-11T15:00:00+00:00,2027-01-11T13:30:00+00:00,onsite,Kampüs Salon 7,paid,50,80,mixed,published,not_required,3.23,
event-v3-0196,3.0,organizer-v3-069,micro,yok-itu,yok-itu-main,istanbul,Mikro: Finance Networking Günü,Finance alanında öğrencileri buluşturan uygulamalı kampüs etkinliği.,career,finance;product;entrepreneurship,computer-engineering,1,career,conference,2026-08-26T09:00:00+00:00,2026-08-26T13:00:00+00:00,2026-08-26T08:30:00+00:00,hybrid,Kampüs Salon 2,free,0,20,tr,published,not_required,4.9,
event-v3-0197,3.0,organizer-v3-075,micro,yok-yildiz,yok-yildiz-main,istanbul,Mikro: Music Sahne Gecesi,Music alanında öğrencileri buluşturan uygulamalı kampüs etkinliği.,design-art,music,industrial-engineering,,learn,conference,2026-11-18T16:00:00+00:00,2026-11-18T17:00:00+00:00,2026-11-18T15:30:00+00:00,onsite,Kampüs Salon 17,paid,100,50,en,published,not_required,3.63,
event-v3-0198,3.0,organizer-v3-079,micro,yok-bogazici,yok-bogazici-main,istanbul,Mikro: Product Kariyer Sohbeti,Product alanında öğrencileri buluşturan uygulamalı kampüs etkinliği.,career,product;entrepreneurship;career,psychology,,network,networking,2027-01-25T14:00:00+00:00,2027-01-25T18:00:00+00:00,2027-01-25T13:30:00+00:00,hybrid,Kampüs Salon 11,free,0,100,mixed,published,not_required,4.81,
event-v3-0199,3.0,organizer-v3-035,micro,yok-yildiz,yok-yildiz-main,istanbul,Mikro: Product Networking Günü,Product alanında öğrencileri buluşturan uygulamalı kampüs etkinliği.,career,product;entrepreneurship;career,business,,learn,conference,2026-08-14T11:00:00+00:00,2026-08-14T15:00:00+00:00,2026-08-14T10:30:00+00:00,online,Online,paid,100,80,mixed,published,not_required,4.18,
event-v3-0200,3.0,organizer-v3-034,micro,yok-iyte,yok-iyte-main,izmir,Mikro: Finance Networking Günü,Finance alanında öğrencileri buluşturan uygulamalı kampüs etkinliği.,career,finance;career,business,4,social-impact;build-project;learn,seminar,2026-11-14T16:00:00+00:00,2026-11-14T19:00:00+00:00,2026-11-14T15:30:00+00:00,online,Online,free,0,50,mixed,published,not_required,4.02,
event-v3-0201,3.0,organizer-v3-045,micro,yok-yildiz,yok-yildiz-main,istanbul,Mikro: Entrepreneurship Kariyer Sohbeti,Entrepreneurship alanında öğrencileri buluşturan uygulamalı kampüs etkinliği.,career,entrepreneurship;product,business,,build-project;compete;social-impact,trip,2026-12-01T12:00:00+00:00,2026-12-01T16:00:00+00:00,2026-12-01T11:30:00+00:00,onsite,Kampüs Salon 9,free,0,50,tr,published,not_required,3.79,
event-v3-0202,3.0,organizer-v3-065,micro,yok-bogazici,yok-bogazici-main,istanbul,Mikro: Game Development Atölyesi,Game Development alanında öğrencileri buluşturan uygulamalı kampüs etkinliği.,technology,game-development;cybersecurity,psychology,,build-project;compete;network,conference,2026-11-11T11:00:00+00:00,2026-11-11T14:00:00+00:00,2026-11-11T10:30:00+00:00,hybrid,Kampüs Salon 20,free,0,40,tr,published,not_required,4.96,
event-v3-0203,3.0,organizer-v3-055,micro,yok-itu,yok-itu-main,istanbul,Mikro: Engineering Laboratuvar Atölyesi,Engineering alanında öğrencileri buluşturan uygulamalı kampüs etkinliği.,science,engineering;natural-sciences,psychology,,career;build-project;learn,conference,2026-08-31T17:00:00+00:00,2026-08-31T18:00:00+00:00,2026-08-31T16:30:00+00:00,hybrid,Kampüs Salon 10,free,0,100,mixed,published,not_required,4.52,
event-v3-0204,3.0,organizer-v3-045,micro,yok-ankara,yok-ankara-main,ankara,Mikro: Photography Tasarım Atölyesi,Photography alanında öğrencileri buluşturan uygulamalı kampüs etkinliği.,design-art,photography;music;ui-ux,industrial-engineering,1,compete;career;network,social,2026-12-12T16:00:00+00:00,2026-12-12T20:00:00+00:00,2026-12-12T15:30:00+00:00,online,Online,paid,150,80,tr,published,not_required,3.79,
event-v3-0205,3.0,organizer-v3-072,micro,yok-iyte,yok-iyte-main,izmir,Mikro: Finance Kariyer Sohbeti,Finance alanında öğrencileri buluşturan uygulamalı kampüs etkinliği.,career,finance;career,business,,network;social-impact,networking,2026-12-09T12:00:00+00:00,2026-12-09T15:00:00+00:00,2026-12-09T11:30:00+00:00,onsite,Kampüs Salon 6,free,0,30,tr,published,not_required,1.5,
event-v3-0206,3.0,organizer-v3-079,micro,yok-bogazici,yok-bogazici-main,istanbul,Mikro: Career Networking Günü,Career alanında öğrencileri buluşturan uygulamalı kampüs etkinliği.,career,career;entrepreneurship;product,psychology,,compete,competition,2027-01-17T14:00:00+00:00,2027-01-17T15:00:00+00:00,2027-01-17T13:30:00+00:00,online,Online,free,0,20,tr,published,not_required,4.81,
event-v3-0207,3.0,organizer-v3-054,micro,yok-bogazici,yok-bogazici-main,istanbul,Mikro: Languages Kültür Buluşması,Languages alanında öğrencileri buluşturan uygulamalı kampüs etkinliği.,culture-community,languages;international-community;travel,psychology,,learn;career,conference,2027-01-20T12:00:00+00:00,2027-01-20T15:00:00+00:00,2027-01-20T11:30:00+00:00,hybrid,Kampüs Salon 9,paid,100,20,tr,published,not_required,4.0,
event-v3-0208,3.0,organizer-v3-055,micro,yok-itu,yok-itu-main,istanbul,Mikro: Sports Başlangıç Etkinliği,Sports alanında öğrencileri buluşturan uygulamalı kampüs etkinliği.,sports-health,sports,computer-engineering,4,learn;social-impact;compete,seminar,2026-08-04T11:00:00+00:00,2026-08-04T12:00:00+00:00,2026-08-04T10:30:00+00:00,online,Online,free,0,30,mixed,published,not_required,4.52,
event-v3-0209,3.0,organizer-v3-065,micro,yok-ankara,yok-ankara-main,ankara,Mikro: Sustainability Fikir Maratonu,Sustainability alanında öğrencileri buluşturan uygulamalı kampüs etkinliği.,social-impact,sustainability;volunteering;social-responsibility,computer-engineering,,social-impact;build-project;career,conference,2026-11-01T15:00:00+00:00,2026-11-01T17:00:00+00:00,2026-11-01T14:30:00+00:00,hybrid,Kampüs Salon 10,free,0,80,tr,published,not_required,4.96,
event-v3-0210,3.0,organizer-v3-050,micro,yok-ankara,yok-ankara-main,ankara,Mikro: Wellbeing Başlangıç Etkinliği,Wellbeing alanında öğrencileri buluşturan uygulamalı kampüs etkinliği.,sports-health,wellbeing;sports,computer-engineering,,career,trip,2026-10-09T19:00:00+00:00,2026-10-09T21:00:00+00:00,2026-10-09T18:30:00+00:00,online,Online,free,0,50,en,published,not_required,4.03,
event-v3-0211,3.0,organizer-v3-041,micro,yok-itu,yok-itu-main,istanbul,Mikro: Wellbeing Başlangıç Etkinliği,Wellbeing alanında öğrencileri buluşturan uygulamalı kampüs etkinliği.,sports-health,wellbeing;sports,business,,build-project,trip,2026-10-10T14:00:00+00:00,2026-10-10T18:00:00+00:00,2026-10-10T13:30:00+00:00,onsite,Kampüs Salon 3,paid,50,20,mixed,published,not_required,3.49,
event-v3-0212,3.0,organizer-v3-045,micro,yok-hacettepe,yok-hacettepe-main,ankara,Mikro: Mental Health Başlangıç Etkinliği,Mental Health alanında öğrencileri buluşturan uygulamalı kampüs etkinliği.,sports-health,mental-health,business,2,compete,networking,2026-12-05T16:00:00+00:00,2026-12-05T19:00:00+00:00,2026-12-05T15:30:00+00:00,onsite,Kampüs Salon 11,paid,200,80,tr,published,not_required,3.79,
event-v3-0213,3.0,organizer-v3-061,micro,yok-hacettepe,yok-hacettepe-main,ankara,Mikro: Product Semineri,Product alanında öğrencileri buluşturan uygulamalı kampüs etkinliği.,career,product;career;finance,psychology,,career,competition,2026-11-10T18:00:00+00:00,2026-11-10T19:00:00+00:00,2026-11-10T17:30:00+00:00,online,Online,free,0,30,en,published,not_required,4.57,
event-v3-0214,3.0,organizer-v3-034,micro,yok-iyte,yok-iyte-main,izmir,Mikro: Languages Konuşma Kulübü,Languages alanında öğrencileri buluşturan uygulamalı kampüs etkinliği.,culture-community,languages,computer-engineering,,build-project;learn;social-impact,trip,2026-12-10T19:00:00+00:00,2026-12-10T22:00:00+00:00,2026-12-10T18:30:00+00:00,onsite,Kampüs Salon 3,free,0,100,tr,published,not_required,4.02,
event-v3-0215,3.0,organizer-v3-069,micro,yok-iyte,yok-iyte-main,izmir,Mikro: Ui Ux Tasarım Atölyesi,Ui Ux alanında öğrencileri buluşturan uygulamalı kampüs etkinliği.,design-art,ui-ux,computer-engineering,,social-impact;network,competition,2026-11-21T15:00:00+00:00,2026-11-21T17:00:00+00:00,2026-11-21T14:30:00+00:00,hybrid,Kampüs Salon 3,free,0,80,en,published,not_required,4.9,
event-v3-0216,3.0,organizer-v3-060,micro,yok-yildiz,yok-yildiz-main,istanbul,Mikro: Finance Semineri,Finance alanında öğrencileri buluşturan uygulamalı kampüs etkinliği.,career,finance;career,industrial-engineering,1,social-impact,networking,2026-11-12T19:00:00+00:00,2026-11-12T23:00:00+00:00,2026-11-12T18:30:00+00:00,onsite,Kampüs Salon 17,free,0,40,tr,published,not_required,4.6,
event-v3-0217,3.0,organizer-v3-077,micro,yok-bogazici,yok-bogazici-main,istanbul,Mikro: Volunteering Fikir Maratonu,Volunteering alanında öğrencileri buluşturan uygulamalı kampüs etkinliği.,social-impact,volunteering;social-responsibility,industrial-engineering,,compete;learn;career,seminar,2026-12-19T11:00:00+00:00,2026-12-19T13:00:00+00:00,2026-12-19T10:30:00+00:00,online,Online,paid,200,40,tr,published,not_required,4.06,
event-v3-0218,3.0,organizer-v3-042,micro,yok-itu,yok-itu-main,istanbul,Mikro: Data Science Atölyesi,Data Science alanında öğrencileri buluşturan uygulamalı kampüs etkinliği.,technology,data-science;web-development,industrial-engineering,,build-project;career;learn,social,2026-11-06T11:00:00+00:00,2026-11-06T14:00:00+00:00,2026-11-06T10:30:00+00:00,onsite,Kampüs Salon 8,free,0,30,tr,published,not_required,4.77,
event-v3-0219,3.0,organizer-v3-065,micro,yok-yildiz,yok-yildiz-main,istanbul,Mikro: Ai Buluşması,Ai alanında öğrencileri buluşturan uygulamalı kampüs etkinliği.,technology,ai;web-development;game-development,industrial-engineering,,build-project;network;career,seminar,2026-10-03T12:00:00+00:00,2026-10-03T15:00:00+00:00,2026-10-03T11:30:00+00:00,hybrid,Kampüs Salon 13,paid,200,20,tr,published,not_required,4.96,
event-v3-0220,3.0,organizer-v3-078,micro,yok-bogazici,yok-bogazici-main,istanbul,Mikro: Ui Ux Sahne Gecesi,Ui Ux alanında öğrencileri buluşturan uygulamalı kampüs etkinliği.,design-art,ui-ux,business,4,career;learn;social-impact,workshop,2026-09-25T17:00:00+00:00,2026-09-25T20:00:00+00:00,2026-09-25T16:30:00+00:00,online,Online,free,0,40,tr,published,not_required,1.68,
event-v3-0221,3.0,organizer-v3-054,micro,yok-bogazici,yok-bogazici-main,istanbul,Mikro: Engineering Laboratuvar Atölyesi,Engineering alanında öğrencileri buluşturan uygulamalı kampüs etkinliği.,science,engineering;social-sciences,industrial-engineering,,compete;social-impact,trip,2027-01-15T14:00:00+00:00,2027-01-15T17:00:00+00:00,2027-01-15T13:30:00+00:00,online,Online,free,0,20,tr,published,not_required,4.0,
event-v3-0222,3.0,organizer-v3-052,micro,yok-iyte,yok-iyte-main,izmir,Mikro: Cybersecurity Buluşması,Cybersecurity alanında öğrencileri buluşturan uygulamalı kampüs etkinliği.,technology,cybersecurity,computer-engineering,,network;compete;social-impact,trip,2026-12-11T12:00:00+00:00,2026-12-11T14:00:00+00:00,2026-12-11T11:30:00+00:00,hybrid,Kampüs Salon 17,free,0,20,tr,published,not_required,4.3,
event-v3-0223,3.0,organizer-v3-066,micro,yok-ankara,yok-ankara-main,ankara,Mikro: Social Sciences Konferansı,Social Sciences alanında öğrencileri buluşturan uygulamalı kampüs etkinliği.,science,social-sciences;natural-sciences,business,,learn;career;compete,networking,2027-01-09T16:00:00+00:00,2027-01-09T18:00:00+00:00,2027-01-09T15:30:00+00:00,onsite,Kampüs Salon 10,paid,50,50,mixed,published,not_required,3.57,
event-v3-0224,3.0,organizer-v3-059,micro,yok-itu,yok-itu-main,istanbul,Mikro: Culture Kültür Buluşması,Culture alanında öğrencileri buluşturan uygulamalı kampüs etkinliği.,culture-community,culture,psychology,3,compete;build-project,conference,2026-08-17T19:00:00+00:00,2026-08-17T21:00:00+00:00,2026-08-17T18:30:00+00:00,onsite,Kampüs Salon 17,free,0,40,tr,published,not_required,3.23,
event-v3-0225,3.0,organizer-v3-045,micro,yok-yildiz,yok-yildiz-main,istanbul,Mikro: Languages Kampüs Gezisi,Languages alanında öğrencileri buluşturan uygulamalı kampüs etkinliği.,culture-community,languages;travel;international-community,computer-engineering,,social-impact,competition,2026-08-28T10:00:00+00:00,2026-08-28T14:00:00+00:00,2026-08-28T09:30:00+00:00,onsite,Kampüs Salon 19,free,0,100,tr,published,not_required,3.79,
event-v3-0226,3.0,organizer-v3-043,micro,yok-hacettepe,yok-hacettepe-main,ankara,Mikro: Sports Kampüs Buluşması,Sports alanında öğrencileri buluşturan uygulamalı kampüs etkinliği.,sports-health,sports;nutrition,industrial-engineering,,learn,seminar,2026-10-21T11:00:00+00:00,2026-10-21T14:00:00+00:00,2026-10-21T10:30:00+00:00,online,Online,free,0,50,en,published,not_required,3.3,
event-v3-0227,3.0,organizer-v3-067,micro,yok-ankara,yok-ankara-main,ankara,Mikro: Engineering Konferansı,Engineering alanında öğrencileri buluşturan uygulamalı kampüs etkinliği.,science,engineering;health-sciences,psychology,,social-impact;build-project;learn,trip,2026-09-24T18:00:00+00:00,2026-09-24T20:00:00+00:00,2026-09-24T17:30:00+00:00,hybrid,Kampüs Salon 12,free,0,50,tr,published,not_required,4.04,
event-v3-0228,3.0,organizer-v3-054,micro,yok-iyte,yok-iyte-main,izmir,Mikro: Engineering Araştırma Günleri,Engineering alanında öğrencileri buluşturan uygulamalı kampüs etkinliği.,science,engineering;social-sciences,industrial-engineering,1,compete;network,workshop,2026-09-07T18:00:00+00:00,2026-09-07T20:00:00+00:00,2026-09-07T17:30:00+00:00,online,Online,free,0,30,tr,published,not_required,4.0,
event-v3-0229,3.0,organizer-v3-041,micro,yok-ankara,yok-ankara-main,ankara,Mikro: Culture Konuşma Kulübü,Culture alanında öğrencileri buluşturan uygulamalı kampüs etkinliği.,culture-community,culture;travel;languages,industrial-engineering,,career;build-project;network,competition,2026-12-12T13:00:00+00:00,2026-12-12T17:00:00+00:00,2026-12-12T12:30:00+00:00,hybrid,Kampüs Salon 11,paid,150,80,en,published,not_required,3.49,
event-v3-0230,3.0,organizer-v3-063,micro,yok-hacettepe,yok-hacettepe-main,ankara,Mikro: Social Sciences Laboratuvar Atölyesi,Social Sciences alanında öğrencileri buluşturan uygulamalı kampüs etkinliği.,science,social-sciences;natural-sciences;health-sciences,business,,compete;learn,conference,2027-01-08T17:00:00+00:00,2027-01-08T18:00:00+00:00,2027-01-08T16:30:00+00:00,hybrid,Kampüs Salon 19,free,0,30,en,published,not_required,3.5,
event-v3-0231,3.0,organizer-v3-055,micro,yok-yildiz,yok-yildiz-main,istanbul,Mikro: Mental Health Başlangıç Etkinliği,Mental Health alanında öğrencileri buluşturan uygulamalı kampüs etkinliği.,sports-health,mental-health;wellbeing;nutrition,psychology,,network;build-project,networking,2026-09-15T19:00:00+00:00,2026-09-15T20:00:00+00:00,2026-09-15T18:30:00+00:00,onsite,Kampüs Salon 11,paid,100,80,tr,published,not_required,4.52,
event-v3-0232,3.0,organizer-v3-034,micro,yok-hacettepe,yok-hacettepe-main,ankara,Mikro: Social Sciences Araştırma Günleri,Social Sciences alanında öğrencileri buluşturan uygulamalı kampüs etkinliği.,science,social-sciences;health-sciences;natural-sciences,psychology,4,social-impact,conference,2026-11-07T13:00:00+00:00,2026-11-07T16:00:00+00:00,2026-11-07T12:30:00+00:00,online,Online,paid,200,80,tr,published,not_required,4.02,
event-v3-0233,3.0,organizer-v3-065,micro,yok-ankara,yok-ankara-main,ankara,Mikro: Culture Kampüs Gezisi,Culture alanında öğrencileri buluşturan uygulamalı kampüs etkinliği.,culture-community,culture,industrial-engineering,,compete;social-impact,competition,2026-08-17T19:00:00+00:00,2026-08-17T23:00:00+00:00,2026-08-17T18:30:00+00:00,onsite,Kampüs Salon 17,paid,100,50,mixed,published,not_required,4.96,
event-v3-0234,3.0,organizer-v3-058,micro,yok-itu,yok-itu-main,istanbul,Mikro: Entrepreneurship Kariyer Sohbeti,Entrepreneurship alanında öğrencileri buluşturan uygulamalı kampüs etkinliği.,career,entrepreneurship;finance,psychology,,career,social,2026-11-15T14:00:00+00:00,2026-11-15T18:00:00+00:00,2026-11-15T13:30:00+00:00,hybrid,Kampüs Salon 20,free,0,30,tr,published,not_required,4.71,
event-v3-0235,3.0,organizer-v3-053,micro,yok-bogazici,yok-bogazici-main,istanbul,Mikro: Nutrition Başlangıç Etkinliği,Nutrition alanında öğrencileri buluşturan uygulamalı kampüs etkinliği.,sports-health,nutrition;wellbeing;mental-health,industrial-engineering,,career,competition,2026-12-27T17:00:00+00:00,2026-12-27T21:00:00+00:00,2026-12-27T16:30:00+00:00,online,Online,paid,150,100,tr,published,not_required,4.61,
event-v3-0236,3.0,organizer-v3-068,micro,yok-yildiz,yok-yildiz-main,istanbul,Mikro: International Community Konuşma Kulübü,International Community alanında öğrencileri buluşturan uygulamalı kampüs etkinliği.,culture-community,international-community,business,4,build-project;compete;learn,trip,2027-01-21T10:00:00+00:00,2027-01-21T14:00:00+00:00,2027-01-21T09:30:00+00:00,onsite,Kampüs Salon 6,free,0,30,tr,published,not_required,4.89,
event-v3-0237,3.0,organizer-v3-056,micro,yok-ankara,yok-ankara-main,ankara,Mikro: Travel Kampüs Gezisi,Travel alanında öğrencileri buluşturan uygulamalı kampüs etkinliği.,culture-community,travel,industrial-engineering,,career;learn,conference,2026-08-12T13:00:00+00:00,2026-08-12T14:00:00+00:00,2026-08-12T12:30:00+00:00,hybrid,Kampüs Salon 12,free,0,80,tr,published,not_required,3.92,
event-v3-0238,3.0,organizer-v3-033,micro,yok-yildiz,yok-yildiz-main,istanbul,Mikro: Social Responsibility Gönüllülük Günü,Social Responsibility alanında öğrencileri buluşturan uygulamalı kampüs etkinliği.,social-impact,social-responsibility;sustainability,business,,learn;network;build-project,seminar,2026-08-19T15:00:00+00:00,2026-08-19T16:00:00+00:00,2026-08-19T14:30:00+00:00,onsite,Kampüs Salon 12,paid,150,40,mixed,published,not_required,3.56,
event-v3-0239,3.0,organizer-v3-065,micro,yok-itu,yok-itu-main,istanbul,Mikro: Travel Konuşma Kulübü,Travel alanında öğrencileri buluşturan uygulamalı kampüs etkinliği.,culture-community,travel;languages,psychology,,network;build-project;career,social,2026-11-01T11:00:00+00:00,2026-11-01T13:00:00+00:00,2026-11-01T10:30:00+00:00,hybrid,Kampüs Salon 5,free,0,50,tr,published,not_required,4.96,
event-v3-0240,3.0,organizer-v3-059,micro,yok-itu,yok-itu-main,istanbul,Mikro: Social Sciences Konferansı,Social Sciences alanında öğrencileri buluşturan uygulamalı kampüs etkinliği.,science,social-sciences,computer-engineering,4,career;learn,workshop,2026-12-12T14:00:00+00:00,2026-12-12T15:00:00+00:00,2026-12-12T13:30:00+00:00,hybrid,Kampüs Salon 19,free,0,20,mixed,published,not_required,3.23,
event-v3-0241,3.0,organizer-v3-056,micro,yok-itu,yok-itu-main,istanbul,Mikro: Graphic Design Sergisi,Graphic Design alanında öğrencileri buluşturan uygulamalı kampüs etkinliği.,design-art,graphic-design,psychology,,learn;compete,social,2026-08-30T10:00:00+00:00,2026-08-30T14:00:00+00:00,2026-08-30T09:30:00+00:00,onsite,Kampüs Salon 17,free,0,80,tr,published,not_required,3.92,
event-v3-0242,3.0,organizer-v3-039,micro,yok-hacettepe,yok-hacettepe-main,ankara,Mikro: Ui Ux Sahne Gecesi,Ui Ux alanında öğrencileri buluşturan uygulamalı kampüs etkinliği.,design-art,ui-ux;theatre;graphic-design,business,,build-project;social-impact,competition,2026-08-30T10:00:00+00:00,2026-08-30T13:00:00+00:00,2026-08-30T09:30:00+00:00,onsite,Kampüs Salon 9,free,0,50,en,published,not_required,4.03,
event-v3-0243,3.0,organizer-v3-068,micro,yok-itu,yok-itu-main,istanbul,Mikro: Mental Health Turnuvası,Mental Health alanında öğrencileri buluşturan uygulamalı kampüs etkinliği.,sports-health,mental-health;nutrition;sports,industrial-engineering,,learn;network;build-project,networking,2026-12-05T13:00:00+00:00,2026-12-05T16:00:00+00:00,2026-12-05T12:30:00+00:00,online,Online,paid,50,80,en,published,not_required,4.89,
event-v3-0244,3.0,organizer-v3-073,micro,yok-bogazici,yok-bogazici-main,istanbul,Mikro: Volunteering Topluluk Buluşması,Volunteering alanında öğrencileri buluşturan uygulamalı kampüs etkinliği.,social-impact,volunteering;sustainability,industrial-engineering,1,compete,workshop,2026-10-28T12:00:00+00:00,2026-10-28T14:00:00+00:00,2026-10-28T11:30:00+00:00,onsite,Kampüs Salon 15,free,0,50,en,published,not_required,3.75,
event-v3-0245,3.0,organizer-v3-052,micro,yok-hacettepe,yok-hacettepe-main,ankara,Mikro: Sustainability Topluluk Buluşması,Sustainability alanında öğrencileri buluşturan uygulamalı kampüs etkinliği.,social-impact,sustainability;volunteering;social-responsibility,business,,build-project,networking,2026-09-08T16:00:00+00:00,2026-09-08T20:00:00+00:00,2026-09-08T15:30:00+00:00,hybrid,Kampüs Salon 12,free,0,50,tr,published,not_required,4.3,
event-v3-0246,3.0,organizer-v3-058,micro,yok-itu,yok-itu-main,istanbul,Mikro: Mobile Development Buluşması,Mobile Development alanında öğrencileri buluşturan uygulamalı kampüs etkinliği.,technology,mobile-development,psychology,,build-project;network;learn,workshop,2026-09-30T09:00:00+00:00,2026-09-30T12:00:00+00:00,2026-09-30T08:30:00+00:00,hybrid,Kampüs Salon 14,free,0,100,tr,published,not_required,4.71,
event-v3-0247,3.0,organizer-v3-052,micro,yok-itu,yok-itu-main,istanbul,Mikro: Finance Networking Günü,Finance alanında öğrencileri buluşturan uygulamalı kampüs etkinliği.,career,finance;career,industrial-engineering,,career;compete;social-impact,networking,2027-01-09T09:00:00+00:00,2027-01-09T11:00:00+00:00,2027-01-09T08:30:00+00:00,online,Online,free,0,100,tr,published,not_required,4.3,
event-v3-0248,3.0,organizer-v3-069,micro,yok-bogazici,yok-bogazici-main,istanbul,Mikro: Ui Ux Sergisi,Ui Ux alanında öğrencileri buluşturan uygulamalı kampüs etkinliği.,design-art,ui-ux;theatre,computer-engineering,4,compete;network;learn,competition,2027-01-08T09:00:00+00:00,2027-01-08T10:00:00+00:00,2027-01-08T08:30:00+00:00,onsite,Kampüs Salon 2,free,0,50,tr,published,not_required,4.9,
event-v3-0249,3.0,organizer-v3-068,micro,yok-iyte,yok-iyte-main,izmir,Mikro: Social Responsibility Fikir Maratonu,Social Responsibility alanında öğrencileri buluşturan uygulamalı kampüs etkinliği.,social-impact,social-responsibility;sustainability,computer-engineering,,build-project,conference,2027-01-05T13:00:00+00:00,2027-01-05T15:00:00+00:00,2027-01-05T12:30:00+00:00,hybrid,Kampüs Salon 15,free,0,80,en,published,not_required,4.89,
event-v3-0250,3.0,organizer-v3-057,micro,yok-yildiz,yok-yildiz-main,istanbul,Mikro: Sustainability Topluluk Buluşması,Sustainability alanında öğrencileri buluşturan uygulamalı kampüs etkinliği.,social-impact,sustainability;social-responsibility,business,,build-project,social,2026-08-07T18:00:00+00:00,2026-08-07T21:00:00+00:00,2026-08-07T17:30:00+00:00,hybrid,Kampüs Salon 19,paid,100,80,tr,published,not_required,4.94,
