rating_id,schema_version,event_id,organizer_id,rater_profile_id,score,created_at
rating-v3-00001,3.0,event-v3-0079,organizer-v3-026,profile-v3-0615,3,2026-08-18T14:00:00+00:00
rating-v3-00002,3.0,event-v3-0086,organizer-v3-077,profile-v3-0277,3,2026-08-25T14:00:00+00:00
rating-v3-00003,3.0,event-v3-0243,organizer-v3-068,profile-v3-0053,1,2026-12-05T16:00:00+00:00
rating-v3-00004,3.0,event-v3-0004,organizer-v3-018,profile-v3-0342,2,2026-11-12T10:00:00+00:00
rating-v3-00005,3.0,event-v3-0074,organizer-v3-010,profile-v3-0100,2,2026-11-23T13:00:00+00:00
rating-v3-00006,3.0,event-v3-0048,organizer-v3-003,profile-v3-0497,4,2027-01-19T13:00:00+00:00
rating-v3-00007,3.0,event-v3-0177,organizer-v3-036,profile-v3-0130,1,2026-12-25T18:00:00+00:00
rating-v3-00008,3.0,event-v3-0059,organizer-v3-012,profile-v3-0400,5,2027-01-23T20:00:00+00:00
rating-v3-00009,3.0,event-v3-0060,organizer-v3-017,profile-v3-0355,4,2026-12-03T21:00:00+00:00
rating-v3-00010,3.0,event-v3-0206,organizer-v3-079,profile-v3-0108,4,2027-01-17T15:00:00+00:00
rating-v3-00011,3.0,event-v3-0104,organizer-v3-031,profile-v3-0131,4,2026-10-05T23:00:00+00:00
rating-v3-00012,3.0,event-v3-0225,organizer-v3-045,profile-v3-0451,2,2026-08-28T14:00:00+00:00
rating-v3-00013,3.0,event-v3-0188,organizer-v3-053,profile-v3-0533,5,2026-12-10T17:00:00+00:00
rating-v3-00014,3.0,event-v3-0090,organizer-v3-064,profile-v3-0760,5,2026-12-05T21:00:00+00:00
rating-v3-00015,3.0,event-v3-0193,organizer-v3-075,profile-v3-0071,4,2026-10-06T13:00:00+00:00
rating-v3-00016,3.0,event-v3-0091,organizer-v3-051,profile-v3-0568,4,2026-12-16T13:00:00+00:00
rating-v3-00017,3.0,event-v3-0027,organizer-v3-018,profile-v3-0582,5,2026-11-23T13:00:00+00:00
rating-v3-00018,3.0,event-v3-0002,organizer-v3-020,profile-v3-0351,4,2027-01-21T13:00:00+00:00
rating-v3-00019,3.0,event-v3-0134,organizer-v3-061,profile-v3-0142,3,2026-09-23T18:00:00+00:00
rating-v3-00020,3.0,event-v3-0237,organizer-v3-056,profile-v3-0069,2,2026-08-12T14:00:00+00:00
rating-v3-00021,3.0,event-v3-0134,organizer-v3-061,profile-v3-0131,5,2026-09-23T18:00:00+00:00
rating-v3-00022,3.0,event-v3-0010,organizer-v3-027,profile-v3-0206,5,2026-11-22T20:00:00+00:00
rating-v3-00023,3.0,event-v3-0011,organizer-v3-005,profile-v3-0072,1,2026-08-17T19:00:00+00:00
rating-v3-00024,3.0,event-v3-0085,organizer-v3-080,profile-v3-0421,5,2026-10-18T19:00:00+00:00
rating-v3-00025,3.0,event-v3-0201,organizer-v3-045,profile-v3-0671,5,2026-12-01T16:00:00+00:00
rating-v3-00026,3.0,event-v3-0194,organizer-v3-056,profile-v3-0773,3,2026-08-24T16:00:00+00:00
rating-v3-00027,3.0,event-v3-0244,organizer-v3-073,profile-v3-0452,2,2026-10-28T14:00:00+00:00
rating-v3-00028,3.0,event-v3-0211,organizer-v3-041,profile-v3-0597,4,2026-10-10T18:00:00+00:00
rating-v3-00029,3.0,event-v3-0204,organizer-v3-045,profile-v3-0439,4,2026-12-12T20:00:00+00:00
rating-v3-00030,3.0,event-v3-0015,organizer-v3-008,profile-v3-0080,3,2026-10-10T17:00:00+00:00
rating-v3-00031,3.0,event-v3-0227,organizer-v3-067,profile-v3-0674,5,2026-09-24T20:00:00+00:00
rating-v3-00032,3.0,event-v3-0142,organizer-v3-050,profile-v3-0921,4,2026-09-23T17:00:00+00:00
rating-v3-00033,3.0,event-v3-0067,organizer-v3-007,profile-v3-0665,4,2026-08-07T18:00:00+00:00
rating-v3-00034,3.0,event-v3-0132,organizer-v3-050,profile-v3-0474,5,2026-09-16T13:00:00+00:00
rating-v3-00035,3.0,event-v3-0088,organizer-v3-036,profile-v3-0494,4,2026-08-10T14:00:00+00:00
rating-v3-00036,3.0,event-v3-0208,organizer-v3-055,profile-v3-0947,4,2026-08-04T12:00:00+00:00
rating-v3-00037,3.0,event-v3-0102,organizer-v3-041,profile-v3-0573,5,2026-08-22T15:00:00+00:00
rating-v3-00038,3.0,event-v3-0099,organizer-v3-031,profile-v3-0248,4,2026-08-03T16:00:00+00:00
rating-v3-00039,3.0,event-v3-0065,organizer-v3-011,profile-v3-0344,5,2026-09-10T12:00:00+00:00
rating-v3-00040,3.0,event-v3-0052,organizer-v3-001,profile-v3-0582,4,2026-08-31T12:00:00+00:00
rating-v3-00041,3.0,event-v3-0152,organizer-v3-037,profile-v3-0277,4,2026-11-17T11:00:00+00:00
rating-v3-00042,3.0,event-v3-0078,organizer-v3-003,profile-v3-0134,3,2026-12-17T15:00:00+00:00
rating-v3-00043,3.0,event-v3-0024,organizer-v3-010,profile-v3-0699,4,2026-10-11T15:00:00+00:00
rating-v3-00044,3.0,event-v3-0025,organizer-v3-010,profile-v3-0081,4,2026-08-20T22:00:00+00:00
rating-v3-00045,3.0,event-v3-0017,organizer-v3-003,profile-v3-0195,5,2027-01-25T22:00:00+00:00
rating-v3-00046,3.0,event-v3-0044,organizer-v3-007,profile-v3-0229,4,2026-08-27T15:00:00+00:00
rating-v3-00047,3.0,event-v3-0076,organizer-v3-018,profile-v3-0623,4,2026-10-19T18:00:00+00:00
rating-v3-00048,3.0,event-v3-0121,organizer-v3-038,profile-v3-0374,3,2026-11-07T10:00:00+00:00
rating-v3-00049,3.0,event-v3-0095,organizer-v3-042,profile-v3-0283,5,2026-10-21T15:00:00+00:00
rating-v3-00050,3.0,event-v3-0094,organizer-v3-043,profile-v3-0321,5,2027-01-04T13:00:00+00:00
rating-v3-00051,3.0,event-v3-0014,organizer-v3-004,profile-v3-0340,3,2026-11-27T16:00:00+00:00
rating-v3-00052,3.0,event-v3-0116,organizer-v3-048,profile-v3-0238,2,2026-08-15T13:00:00+00:00
rating-v3-00053,3.0,event-v3-0175,organizer-v3-064,profile-v3-0369,5,2026-10-12T19:00:00+00:00
rating-v3-00054,3.0,event-v3-0029,organizer-v3-018,profile-v3-0961,4,2026-12-20T22:00:00+00:00
rating-v3-00055,3.0,event-v3-0099,organizer-v3-031,profile-v3-0247,5,2026-08-03T16:00:00+00:00
rating-v3-00056,3.0,event-v3-0028,organizer-v3-021,profile-v3-0919,5,2026-08-11T11:00:00+00:00
rating-v3-00057,3.0,event-v3-0027,organizer-v3-018,profile-v3-0375,4,2026-11-23T13:00:00+00:00
rating-v3-00058,3.0,event-v3-0014,organizer-v3-004,profile-v3-0623,5,2026-11-27T16:00:00+00:00
rating-v3-00059,3.0,event-v3-0074,organizer-v3-010,profile-v3-0283,3,2026-11-23T13:00:00+00:00
rating-v3-00060,3.0,event-v3-0199,organizer-v3-035,profile-v3-0618,4,2026-08-14T15:00:00+00:00
rating-v3-00061,3.0,event-v3-0202,organizer-v3-065,profile-v3-0151,2,2026-11-11T14:00:00+00:00
rating-v3-00062,3.0,event-v3-0231,organizer-v3-055,profile-v3-0851,5,2026-09-15T20:00:00+00:00
rating-v3-00063,3.0,event-v3-0009,organizer-v3-030,profile-v3-0011,4,2026-08-21T21:00:00+00:00
rating-v3-00064,3.0,event-v3-0017,organizer-v3-003,profile-v3-0853,5,2027-01-25T22:00:00+00:00
rating-v3-00065,3.0,event-v3-0040,organizer-v3-004,profile-v3-0900,2,2026-08-11T13:00:00+00:00
rating-v3-00066,3.0,event-v3-0130,organizer-v3-072,profile-v3-0373,5,2026-11-25T20:00:00+00:00
rating-v3-00067,3.0,event-v3-0045,organizer-v3-027,profile-v3-0538,5,2026-11-22T20:00:00+00:00
rating-v3-00068,3.0,event-v3-0071,organizer-v3-018,profile-v3-0222,5,2027-01-20T19:00:00+00:00
rating-v3-00069,3.0,event-v3-0013,organizer-v3-023,profile-v3-0335,4,2026-12-11T17:00:00+00:00
rating-v3-00070,3.0,event-v3-0213,organizer-v3-061,profile-v3-0742,5,2026-11-10T19:00:00+00:00
rating-v3-00071,3.0,event-v3-0246,organizer-v3-058,profile-v3-0244,4,2026-09-30T12:00:00+00:00
rating-v3-00072,3.0,event-v3-0234,organizer-v3-058,profile-v3-0358,4,2026-11-15T18:00:00+00:00
rating-v3-00073,3.0,event-v3-0244,organizer-v3-073,profile-v3-0982,5,2026-10-28T14:00:00+00:00
rating-v3-00074,3.0,event-v3-0108,organizer-v3-068,profile-v3-0811,5,2026-10-04T23:00:00+00:00
rating-v3-00075,3.0,event-v3-0037,organizer-v3-015,profile-v3-0102,2,2026-09-01T17:00:00+00:00
rating-v3-00076,3.0,event-v3-0244,organizer-v3-073,profile-v3-0165,5,2026-10-28T14:00:00+00:00
rating-v3-00077,3.0,event-v3-0191,organizer-v3-070,profile-v3-0846,4,2027-01-24T17:00:00+00:00
rating-v3-00078,3.0,event-v3-0079,organizer-v3-026,profile-v3-0459,5,2026-08-18T14:00:00+00:00
rating-v3-00079,3.0,event-v3-0015,organizer-v3-008,profile-v3-0591,4,2026-10-10T17:00:00+00:00
rating-v3-00080,3.0,event-v3-0152,organizer-v3-037,profile-v3-0301,3,2026-11-17T11:00:00+00:00
rating-v3-00081,3.0,event-v3-0244,organizer-v3-073,profile-v3-0402,3,2026-10-28T14:00:00+00:00
rating-v3-00082,3.0,event-v3-0087,organizer-v3-064,profile-v3-0616,4,2026-11-09T15:00:00+00:00
rating-v3-00083,3.0,event-v3-0207,organizer-v3-054,profile-v3-0611,4,2027-01-20T15:00:00+00:00
rating-v3-00084,3.0,event-v3-0070,organizer-v3-028,profile-v3-0067,5,2026-10-07T18:00:00+00:00
rating-v3-00085,3.0,event-v3-0024,organizer-v3-010,profile-v3-0442,5,2026-10-11T15:00:00+00:00
rating-v3-00086,3.0,event-v3-0020,organizer-v3-015,profile-v3-0880,5,2026-12-04T11:00:00+00:00
rating-v3-00087,3.0,event-v3-0200,organizer-v3-034,profile-v3-0250,5,2026-11-14T19:00:00+00:00
rating-v3-00088,3.0,event-v3-0084,organizer-v3-076,profile-v3-0318,3,2026-11-30T21:00:00+00:00
rating-v3-00089,3.0,event-v3-0235,organizer-v3-053,profile-v3-0407,4,2026-12-27T21:00:00+00:00
rating-v3-00090,3.0,event-v3-0226,organizer-v3-043,profile-v3-0165,4,2026-10-21T14:00:00+00:00
rating-v3-00091,3.0,event-v3-0214,organizer-v3-034,profile-v3-0484,3,2026-12-10T22:00:00+00:00
rating-v3-00092,3.0,event-v3-0205,organizer-v3-072,profile-v3-0630,5,2026-12-09T15:00:00+00:00
rating-v3-00093,3.0,event-v3-0047,organizer-v3-022,profile-v3-0979,5,2027-01-25T12:00:00+00:00
rating-v3-00094,3.0,event-v3-0150,organizer-v3-040,profile-v3-0189,4,2026-09-25T22:00:00+00:00
rating-v3-00095,3.0,event-v3-0207,organizer-v3-054,profile-v3-0696,4,2027-01-20T15:00:00+00:00
rating-v3-00096,3.0,event-v3-0112,organizer-v3-049,profile-v3-0287,4,2026-11-20T16:00:00+00:00
rating-v3-00097,3.0,event-v3-0131,organizer-v3-045,profile-v3-0713,5,2026-12-18T15:00:00+00:00
rating-v3-00098,3.0,event-v3-0112,organizer-v3-049,profile-v3-0681,5,2026-11-20T16:00:00+00:00
rating-v3-00099,3.0,event-v3-0041,organizer-v3-017,profile-v3-0492,5,2026-12-10T12:00:00+00:00
rating-v3-00100,3.0,event-v3-0179,organizer-v3-055,profile-v3-0766,4,2026-10-12T16:00:00+00:00
rating-v3-00101,3.0,event-v3-0070,organizer-v3-028,profile-v3-0376,5,2026-10-07T18:00:00+00:00
rating-v3-00102,3.0,event-v3-0175,organizer-v3-064,profile-v3-0310,5,2026-10-12T19:00:00+00:00
rating-v3-00103,3.0,event-v3-0156,organizer-v3-078,profile-v3-0310,4,2026-11-15T11:00:00+00:00
rating-v3-00104,3.0,event-v3-0179,organizer-v3-055,profile-v3-0211,4,2026-10-12T16:00:00+00:00
rating-v3-00105,3.0,event-v3-0236,organizer-v3-068,profile-v3-0922,5,2027-01-21T14:00:00+00:00
rating-v3-00106,3.0,event-v3-0113,organizer-v3-077,profile-v3-0605,3,2026-09-22T21:00:00+00:00
rating-v3-00107,3.0,event-v3-0121,organizer-v3-038,profile-v3-0715,4,2026-11-07T10:00:00+00:00
rating-v3-00108,3.0,event-v3-0159,organizer-v3-055,profile-v3-0094,4,2027-01-10T12:00:00+00:00
rating-v3-00109,3.0,event-v3-0040,organizer-v3-004,profile-v3-0041,5,2026-08-11T13:00:00+00:00
rating-v3-00110,3.0,event-v3-0116,organizer-v3-048,profile-v3-0275,5,2026-08-15T13:00:00+00:00
rating-v3-00111,3.0,event-v3-0175,organizer-v3-064,profile-v3-0601,4,2026-10-12T19:00:00+00:00
rating-v3-00112,3.0,event-v3-0091,organizer-v3-051,profile-v3-0707,4,2026-12-16T13:00:00+00:00
rating-v3-00113,3.0,event-v3-0134,organizer-v3-061,profile-v3-0144,5,2026-09-23T18:00:00+00:00
rating-v3-00114,3.0,event-v3-0067,organizer-v3-007,profile-v3-0810,5,2026-08-07T18:00:00+00:00
rating-v3-00115,3.0,event-v3-0102,organizer-v3-041,profile-v3-0328,5,2026-08-22T15:00:00+00:00
rating-v3-00116,3.0,event-v3-0227,organizer-v3-067,profile-v3-0708,5,2026-09-24T20:00:00+00:00
rating-v3-00117,3.0,event-v3-0164,organizer-v3-045,profile-v3-0235,3,2026-10-22T15:00:00+00:00
rating-v3-00118,3.0,event-v3-0012,organizer-v3-002,profile-v3-0577,4,2026-12-02T21:00:00+00:00
rating-v3-00119,3.0,event-v3-0132,organizer-v3-050,profile-v3-0257,5,2026-09-16T13:00:00+00:00
rating-v3-00120,3.0,event-v3-0041,organizer-v3-017,profile-v3-0927,5,2026-12-10T12:00:00+00:00
rating-v3-00121,3.0,event-v3-0128,organizer-v3-039,profile-v3-0253,4,2026-12-23T11:00:00+00:00
rating-v3-00122,3.0,event-v3-0180,organizer-v3-075,profile-v3-0950,5,2026-08-12T14:00:00+00:00
rating-v3-00123,3.0,event-v3-0130,organizer-v3-072,profile-v3-0559,3,2026-11-25T20:00:00+00:00
rating-v3-00124,3.0,event-v3-0228,organizer-v3-054,profile-v3-0593,5,2026-09-07T20:00:00+00:00
rating-v3-00125,3.0,event-v3-0026,organizer-v3-027,profile-v3-0058,2,2027-01-22T22:00:00+00:00
rating-v3-00126,3.0,event-v3-0074,organizer-v3-010,profile-v3-0071,5,2026-11-23T13:00:00+00:00
rating-v3-00127,3.0,event-v3-0096,organizer-v3-047,profile-v3-0180,4,2027-01-17T20:00:00+00:00
rating-v3-00128,3.0,event-v3-0214,organizer-v3-034,profile-v3-0506,3,2026-12-10T22:00:00+00:00
rating-v3-00129,3.0,event-v3-0122,organizer-v3-071,profile-v3-0181,4,2026-10-07T16:00:00+00:00
rating-v3-00130,3.0,event-v3-0076,organizer-v3-018,profile-v3-0205,2,2026-10-19T18:00:00+00:00
rating-v3-00131,3.0,event-v3-0042,organizer-v3-030,profile-v3-0787,5,2026-09-28T22:00:00+00:00
rating-v3-00132,3.0,event-v3-0080,organizer-v3-029,profile-v3-0973,4,2026-09-02T15:00:00+00:00
rating-v3-00133,3.0,event-v3-0050,organizer-v3-024,profile-v3-0695,4,2026-12-28T17:00:00+00:00
rating-v3-00134,3.0,event-v3-0004,organizer-v3-018,profile-v3-1000,5,2026-11-12T10:00:00+00:00
rating-v3-00135,3.0,event-v3-0216,organizer-v3-060,profile-v3-0653,4,2026-11-12T23:00:00+00:00
rating-v3-00136,3.0,event-v3-0020,organizer-v3-015,profile-v3-0699,5,2026-12-04T11:00:00+00:00
rating-v3-00137,3.0,event-v3-0008,organizer-v3-020,profile-v3-0945,3,2027-01-01T21:00:00+00:00
rating-v3-00138,3.0,event-v3-0214,organizer-v3-034,profile-v3-0471,5,2026-12-10T22:00:00+00:00
rating-v3-00139,3.0,event-v3-0043,organizer-v3-014,profile-v3-0907,4,2026-12-03T16:00:00+00:00
rating-v3-00140,3.0,event-v3-0212,organizer-v3-045,profile-v3-0179,5,2026-12-05T19:00:00+00:00
rating-v3-00141,3.0,event-v3-0178,organizer-v3-052,profile-v3-0631,5,2026-10-30T19:00:00+00:00
rating-v3-00142,3.0,event-v3-0047,organizer-v3-022,profile-v3-0578,5,2027-01-25T12:00:00+00:00
rating-v3-00143,3.0,event-v3-0115,organizer-v3-039,profile-v3-0621,4,2026-11-24T15:00:00+00:00
rating-v3-00144,3.0,event-v3-0140,organizer-v3-063,profile-v3-0573,3,2026-08-29T15:00:00+00:00
rating-v3-00145,3.0,event-v3-0080,organizer-v3-029,profile-v3-0287,4,2026-09-02T15:00:00+00:00
rating-v3-00146,3.0,event-v3-0125,organizer-v3-044,profile-v3-0804,5,2026-10-03T16:00:00+00:00
rating-v3-00147,3.0,event-v3-0247,organizer-v3-052,profile-v3-0311,5,2027-01-09T11:00:00+00:00
rating-v3-00148,3.0,event-v3-0192,organizer-v3-050,profile-v3-0786,5,2026-09-13T14:00:00+00:00
rating-v3-00149,3.0,event-v3-0188,organizer-v3-053,profile-v3-0914,2,2026-12-10T17:00:00+00:00
rating-v3-00150,3.0,event-v3-0003,organizer-v3-026,profile-v3-0892,3,2026-08-01T17:00:00+00:00
rating-v3-00151,3.0,event-v3-0056,organizer-v3-013,profile-v3-0692,4,2026-08-20T19:00:00+00:00
rating-v3-00152,3.0,event-v3-0097,organizer-v3-071,profile-v3-0795,3,2026-12-28T21:00:00+00:00
rating-v3-00153,3.0,event-v3-0162,organizer-v3-053,profile-v3-0440,4,2027-01-07T23:00:00+00:00
rating-v3-00154,3.0,event-v3-0229,organizer-v3-041,profile-v3-0799,5,2026-12-12T17:00:00+00:00
rating-v3-00155,3.0,event-v3-0213,organizer-v3-061,profile-v3-0291,5,2026-11-10T19:00:00+00:00
rating-v3-00156,3.0,event-v3-0177,organizer-v3-036,profile-v3-0137,4,2026-12-25T18:00:00+00:00
rating-v3-00157,3.0,event-v3-0121,organizer-v3-038,profile-v3-0454,4,2026-11-07T10:00:00+00:00
rating-v3-00158,3.0,event-v3-0109,organizer-v3-031,profile-v3-0518,5,2026-08-07T11:00:00+00:00
rating-v3-00159,3.0,event-v3-0211,organizer-v3-041,profile-v3-0140,4,2026-10-10T18:00:00+00:00
rating-v3-00160,3.0,event-v3-0047,organizer-v3-022,profile-v3-0896,3,2027-01-25T12:00:00+00:00
rating-v3-00161,3.0,event-v3-0113,organizer-v3-077,profile-v3-0766,3,2026-09-22T21:00:00+00:00
rating-v3-00162,3.0,event-v3-0137,organizer-v3-053,profile-v3-0091,4,2026-10-22T21:00:00+00:00
rating-v3-00163,3.0,event-v3-0090,organizer-v3-064,profile-v3-0880,1,2026-12-05T21:00:00+00:00
rating-v3-00164,3.0,event-v3-0186,organizer-v3-042,profile-v3-0837,3,2026-11-07T13:00:00+00:00
rating-v3-00165,3.0,event-v3-0012,organizer-v3-002,profile-v3-0919,5,2026-12-02T21:00:00+00:00
rating-v3-00166,3.0,event-v3-0132,organizer-v3-050,profile-v3-0339,2,2026-09-16T13:00:00+00:00
rating-v3-00167,3.0,event-v3-0113,organizer-v3-077,profile-v3-0464,4,2026-09-22T21:00:00+00:00
rating-v3-00168,3.0,event-v3-0217,organizer-v3-077,profile-v3-0753,5,2026-12-19T13:00:00+00:00
rating-v3-00169,3.0,event-v3-0237,organizer-v3-056,profile-v3-0843,5,2026-08-12T14:00:00+00:00
rating-v3-00170,3.0,event-v3-0204,organizer-v3-045,profile-v3-0008,4,2026-12-12T20:00:00+00:00
rating-v3-00171,3.0,event-v3-0006,organizer-v3-016,profile-v3-0585,3,2026-10-26T11:00:00+00:00
rating-v3-00172,3.0,event-v3-0070,organizer-v3-028,profile-v3-0266,5,2026-10-07T18:00:00+00:00
rating-v3-00173,3.0,event-v3-0194,organizer-v3-056,profile-v3-0696,5,2026-08-24T16:00:00+00:00
rating-v3-00174,3.0,event-v3-0048,organizer-v3-003,profile-v3-0733,5,2027-01-19T13:00:00+00:00
rating-v3-00175,3.0,event-v3-0104,organizer-v3-031,profile-v3-0129,5,2026-10-05T23:00:00+00:00
rating-v3-00176,3.0,event-v3-0201,organizer-v3-045,profile-v3-0542,2,2026-12-01T16:00:00+00:00
rating-v3-00177,3.0,event-v3-0007,organizer-v3-019,profile-v3-0578,5,2026-08-29T14:00:00+00:00
rating-v3-00178,3.0,event-v3-0135,organizer-v3-043,profile-v3-0672,5,2026-09-30T19:00:00+00:00
rating-v3-00179,3.0,event-v3-0180,organizer-v3-075,profile-v3-0565,3,2026-08-12T14:00:00+00:00
rating-v3-00180,3.0,event-v3-0069,organizer-v3-018,profile-v3-0882,5,2026-08-04T13:00:00+00:00
rating-v3-00181,3.0,event-v3-0129,organizer-v3-074,profile-v3-0605,4,2026-12-30T20:00:00+00:00
rating-v3-00182,3.0,event-v3-0207,organizer-v3-054,profile-v3-0877,4,2027-01-20T15:00:00+00:00
rating-v3-00183,3.0,event-v3-0037,organizer-v3-015,profile-v3-0907,5,2026-09-01T17:00:00+00:00
rating-v3-00184,3.0,event-v3-0101,organizer-v3-041,profile-v3-0709,4,2026-09-10T16:00:00+00:00
rating-v3-00185,3.0,event-v3-0135,organizer-v3-043,profile-v3-0393,3,2026-09-30T19:00:00+00:00
rating-v3-00186,3.0,event-v3-0129,organizer-v3-074,profile-v3-0267,4,2026-12-30T20:00:00+00:00
rating-v3-00187,3.0,event-v3-0168,organizer-v3-042,profile-v3-0378,4,2026-11-27T17:00:00+00:00
rating-v3-00188,3.0,event-v3-0046,organizer-v3-020,profile-v3-0183,5,2026-12-19T17:00:00+00:00
rating-v3-00189,3.0,event-v3-0239,organizer-v3-065,profile-v3-0435,4,2026-11-01T13:00:00+00:00
rating-v3-00190,3.0,event-v3-0154,organizer-v3-038,profile-v3-0185,5,2026-12-28T17:00:00+00:00
rating-v3-00191,3.0,event-v3-0223,organizer-v3-066,profile-v3-0589,3,2027-01-09T18:00:00+00:00
rating-v3-00192,3.0,event-v3-0206,organizer-v3-079,profile-v3-0766,4,2027-01-17T15:00:00+00:00
rating-v3-00193,3.0,event-v3-0163,organizer-v3-032,profile-v3-0839,4,2026-10-31T13:00:00+00:00
rating-v3-00194,3.0,event-v3-0102,organizer-v3-041,profile-v3-0801,5,2026-08-22T15:00:00+00:00
rating-v3-00195,3.0,event-v3-0068,organizer-v3-024,profile-v3-0857,4,2026-09-28T14:00:00+00:00
rating-v3-00196,3.0,event-v3-0136,organizer-v3-047,profile-v3-0609,4,2026-09-17T17:00:00+00:00
rating-v3-00197,3.0,event-v3-0022,organizer-v3-012,profile-v3-0561,4,2026-10-15T14:00:00+00:00
rating-v3-00198,3.0,event-v3-0002,organizer-v3-020,profile-v3-0307,2,2027-01-21T13:00:00+00:00
rating-v3-00199,3.0,event-v3-0203,organizer-v3-055,profile-v3-0088,5,2026-08-31T18:00:00+00:00
rating-v3-00200,3.0,event-v3-0191,organizer-v3-070,profile-v3-0202,3,2027-01-24T17:00:00+00:00
rating-v3-00201,3.0,event-v3-0174,organizer-v3-069,profile-v3-0590,2,2026-09-09T21:00:00+00:00
rating-v3-00202,3.0,event-v3-0185,organizer-v3-069,profile-v3-0932,4,2026-09-18T19:00:00+00:00
rating-v3-00203,3.0,event-v3-0072,organizer-v3-025,profile-v3-0428,5,2027-01-27T21:00:00+00:00
rating-v3-00204,3.0,event-v3-0042,organizer-v3-030,profile-v3-0697,5,2026-09-28T22:00:00+00:00
rating-v3-00205,3.0,event-v3-0200,organizer-v3-034,profile-v3-0609,4,2026-11-14T19:00:00+00:00
rating-v3-00206,3.0,event-v3-0237,organizer-v3-056,profile-v3-0310,4,2026-08-12T14:00:00+00:00
rating-v3-00207,3.0,event-v3-0150,organizer-v3-040,profile-v3-0433,5,2026-09-25T22:00:00+00:00
rating-v3-00208,3.0,event-v3-0223,organizer-v3-066,profile-v3-0096,4,2027-01-09T18:00:00+00:00
rating-v3-00209,3.0,event-v3-0050,organizer-v3-024,profile-v3-0562,5,2026-12-28T17:00:00+00:00
rating-v3-00210,3.0,event-v3-0173,organizer-v3-036,profile-v3-0223,1,2026-12-16T17:00:00+00:00
rating-v3-00211,3.0,event-v3-0179,organizer-v3-055,profile-v3-0694,5,2026-10-12T16:00:00+00:00
rating-v3-00212,3.0,event-v3-0142,organizer-v3-050,profile-v3-0034,3,2026-09-23T17:00:00+00:00
rating-v3-00213,3.0,event-v3-0107,organizer-v3-076,profile-v3-0338,5,2026-11-30T14:00:00+00:00
rating-v3-00214,3.0,event-v3-0195,organizer-v3-059,profile-v3-0113,4,2027-01-11T15:00:00+00:00
rating-v3-00215,3.0,event-v3-0141,organizer-v3-077,profile-v3-0334,4,2026-09-23T19:00:00+00:00
rating-v3-00216,3.0,event-v3-0120,organizer-v3-042,profile-v3-0977,5,2026-08-01T20:00:00+00:00
rating-v3-00217,3.0,event-v3-0224,organizer-v3-059,profile-v3-0396,5,2026-08-17T21:00:00+00:00
rating-v3-00218,3.0,event-v3-0073,organizer-v3-017,profile-v3-0213,5,2026-11-19T18:00:00+00:00
rating-v3-00219,3.0,event-v3-0193,organizer-v3-075,profile-v3-0176,5,2026-10-06T13:00:00+00:00
rating-v3-00220,3.0,event-v3-0192,organizer-v3-050,profile-v3-0086,4,2026-09-13T14:00:00+00:00
rating-v3-00221,3.0,event-v3-0100,organizer-v3-055,profile-v3-0394,5,2026-08-19T20:00:00+00:00
rating-v3-00222,3.0,event-v3-0071,organizer-v3-018,profile-v3-0939,5,2027-01-20T19:00:00+00:00
rating-v3-00223,3.0,event-v3-0066,organizer-v3-022,profile-v3-0793,4,2026-09-06T18:00:00+00:00
rating-v3-00224,3.0,event-v3-0041,organizer-v3-017,profile-v3-0854,1,2026-12-10T12:00:00+00:00
rating-v3-00225,3.0,event-v3-0160,organizer-v3-075,profile-v3-0022,1,2026-12-14T15:00:00+00:00
rating-v3-00226,3.0,event-v3-0201,organizer-v3-045,profile-v3-0140,2,2026-12-01T16:00:00+00:00
rating-v3-00227,3.0,event-v3-0088,organizer-v3-036,profile-v3-0434,5,2026-08-10T14:00:00+00:00
rating-v3-00228,3.0,event-v3-0206,organizer-v3-079,profile-v3-0245,4,2027-01-17T15:00:00+00:00
rating-v3-00229,3.0,event-v3-0018,organizer-v3-020,profile-v3-0638,5,2026-08-19T14:00:00+00:00
rating-v3-00230,3.0,event-v3-0103,organizer-v3-052,profile-v3-0208,5,2026-08-20T16:00:00+00:00
rating-v3-00231,3.0,event-v3-0059,organizer-v3-012,profile-v3-0702,4,2027-01-23T20:00:00+00:00
rating-v3-00232,3.0,event-v3-0016,organizer-v3-011,profile-v3-0054,4,2026-11-30T14:00:00+00:00
rating-v3-00233,3.0,event-v3-0195,organizer-v3-059,profile-v3-0424,4,2027-01-11T15:00:00+00:00
rating-v3-00234,3.0,event-v3-0133,organizer-v3-035,profile-v3-0624,5,2026-11-24T18:00:00+00:00
rating-v3-00235,3.0,event-v3-0072,organizer-v3-025,profile-v3-0802,5,2027-01-27T21:00:00+00:00
rating-v3-00236,3.0,event-v3-0230,organizer-v3-063,profile-v3-0780,4,2027-01-08T18:00:00+00:00
rating-v3-00237,3.0,event-v3-0114,organizer-v3-055,profile-v3-0450,3,2027-01-24T18:00:00+00:00
rating-v3-00238,3.0,event-v3-0045,organizer-v3-027,profile-v3-0757,5,2026-11-22T20:00:00+00:00
rating-v3-00239,3.0,event-v3-0100,organizer-v3-055,profile-v3-0641,5,2026-08-19T20:00:00+00:00
rating-v3-00240,3.0,event-v3-0069,organizer-v3-018,profile-v3-0171,4,2026-08-04T13:00:00+00:00
rating-v3-00241,3.0,event-v3-0039,organizer-v3-003,profile-v3-0241,4,2026-09-02T20:00:00+00:00
rating-v3-00242,3.0,event-v3-0142,organizer-v3-050,profile-v3-0583,4,2026-09-23T17:00:00+00:00
rating-v3-00243,3.0,event-v3-0186,organizer-v3-042,profile-v3-0326,3,2026-11-07T13:00:00+00:00
rating-v3-00244,3.0,event-v3-0209,organizer-v3-065,profile-v3-0729,5,2026-11-01T17:00:00+00:00
rating-v3-00245,3.0,event-v3-0012,organizer-v3-002,profile-v3-0099,5,2026-12-02T21:00:00+00:00
rating-v3-00246,3.0,event-v3-0111,organizer-v3-079,profile-v3-0727,3,2026-10-10T12:00:00+00:00
rating-v3-00247,3.0,event-v3-0200,organizer-v3-034,profile-v3-0032,5,2026-11-14T19:00:00+00:00
rating-v3-00248,3.0,event-v3-0123,organizer-v3-041,profile-v3-0377,2,2026-12-29T12:00:00+00:00
rating-v3-00249,3.0,event-v3-0219,organizer-v3-065,profile-v3-0371,3,2026-10-03T15:00:00+00:00
rating-v3-00250,3.0,event-v3-0149,organizer-v3-065,profile-v3-0134,5,2026-09-04T17:00:00+00:00
rating-v3-00251,3.0,event-v3-0098,organizer-v3-073,profile-v3-0595,4,2026-08-26T22:00:00+00:00
rating-v3-00252,3.0,event-v3-0215,organizer-v3-069,profile-v3-0898,2,2026-11-21T17:00:00+00:00
rating-v3-00253,3.0,event-v3-0205,organizer-v3-072,profile-v3-0813,4,2026-12-09T15:00:00+00:00
rating-v3-00254,3.0,event-v3-0073,organizer-v3-017,profile-v3-0221,3,2026-11-19T18:00:00+00:00
rating-v3-00255,3.0,event-v3-0032,organizer-v3-004,profile-v3-0194,3,2026-11-23T19:00:00+00:00
rating-v3-00256,3.0,event-v3-0179,organizer-v3-055,profile-v3-0145,4,2026-10-12T16:00:00+00:00
rating-v3-00257,3.0,event-v3-0029,organizer-v3-018,profile-v3-0944,4,2026-12-20T22:00:00+00:00
rating-v3-00258,3.0,event-v3-0114,organizer-v3-055,profile-v3-0379,5,2027-01-24T18:00:00+00:00
rating-v3-00259,3.0,event-v3-0023,organizer-v3-029,profile-v3-0643,1,2026-08-22T22:00:00+00:00
rating-v3-00260,3.0,event-v3-0241,organizer-v3-056,profile-v3-0660,5,2026-08-30T14:00:00+00:00
rating-v3-00261,3.0,event-v3-0005,organizer-v3-012,profile-v3-0033,5,2026-09-02T19:00:00+00:00
rating-v3-00262,3.0,event-v3-0109,organizer-v3-031,profile-v3-0316,5,2026-08-07T11:00:00+00:00
rating-v3-00263,3.0,event-v3-0105,organizer-v3-064,profile-v3-0239,4,2027-01-04T17:00:00+00:00
rating-v3-00264,3.0,event-v3-0124,organizer-v3-063,profile-v3-0700,1,2026-09-10T13:00:00+00:00
rating-v3-00265,3.0,event-v3-0123,organizer-v3-041,profile-v3-0693,4,2026-12-29T12:00:00+00:00
rating-v3-00266,3.0,event-v3-0168,organizer-v3-042,profile-v3-0197,5,2026-11-27T17:00:00+00:00
rating-v3-00267,3.0,event-v3-0160,organizer-v3-075,profile-v3-0293,5,2026-12-14T15:00:00+00:00
rating-v3-00268,3.0,event-v3-0068,organizer-v3-024,profile-v3-0182,3,2026-09-28T14:00:00+00:00
rating-v3-00269,3.0,event-v3-0038,organizer-v3-018,profile-v3-0287,5,2026-12-18T19:00:00+00:00
rating-v3-00270,3.0,event-v3-0101,organizer-v3-041,profile-v3-0119,5,2026-09-10T16:00:00+00:00
rating-v3-00271,3.0,event-v3-0022,organizer-v3-012,profile-v3-0492,3,2026-10-15T14:00:00+00:00
rating-v3-00272,3.0,event-v3-0105,organizer-v3-064,profile-v3-0572,4,2027-01-04T17:00:00+00:00
rating-v3-00273,3.0,event-v3-0183,organizer-v3-059,profile-v3-0638,4,2026-12-18T23:00:00+00:00
rating-v3-00274,3.0,event-v3-0185,organizer-v3-069,profile-v3-0857,5,2026-09-18T19:00:00+00:00
rating-v3-00275,3.0,event-v3-0034,organizer-v3-016,profile-v3-0437,5,2026-12-28T15:00:00+00:00
rating-v3-00276,3.0,event-v3-0052,organizer-v3-001,profile-v3-0245,5,2026-08-31T12:00:00+00:00
rating-v3-00277,3.0,event-v3-0243,organizer-v3-068,profile-v3-0189,5,2026-12-05T16:00:00+00:00
rating-v3-00278,3.0,event-v3-0228,organizer-v3-054,profile-v3-0852,5,2026-09-07T20:00:00+00:00
rating-v3-00279,3.0,event-v3-0017,organizer-v3-003,profile-v3-0432,2,2027-01-25T22:00:00+00:00
rating-v3-00280,3.0,event-v3-0006,organizer-v3-016,profile-v3-0030,5,2026-10-26T11:00:00+00:00
rating-v3-00281,3.0,event-v3-0189,organizer-v3-041,profile-v3-0757,3,2026-11-23T21:00:00+00:00
rating-v3-00282,3.0,event-v3-0078,organizer-v3-003,profile-v3-0206,3,2026-12-17T15:00:00+00:00
rating-v3-00283,3.0,event-v3-0062,organizer-v3-018,profile-v3-0612,4,2026-11-28T21:00:00+00:00
rating-v3-00284,3.0,event-v3-0249,organizer-v3-068,profile-v3-0181,5,2027-01-05T15:00:00+00:00
rating-v3-00285,3.0,event-v3-0243,organizer-v3-068,profile-v3-0255,2,2026-12-05T16:00:00+00:00
rating-v3-00286,3.0,event-v3-0080,organizer-v3-029,profile-v3-0638,5,2026-09-02T15:00:00+00:00
rating-v3-00287,3.0,event-v3-0163,organizer-v3-032,profile-v3-0622,5,2026-10-31T13:00:00+00:00
rating-v3-00288,3.0,event-v3-0029,organizer-v3-018,profile-v3-0488,4,2026-12-20T22:00:00+00:00
rating-v3-00289,3.0,event-v3-0237,organizer-v3-056,profile-v3-0603,4,2026-08-12T14:00:00+00:00
rating-v3-00290,3.0,event-v3-0088,organizer-v3-036,profile-v3-0118,4,2026-08-10T14:00:00+00:00
rating-v3-00291,3.0,event-v3-0109,organizer-v3-031,profile-v3-0654,2,2026-08-07T11:00:00+00:00
rating-v3-00292,3.0,event-v3-0123,organizer-v3-041,profile-v3-0127,3,2026-12-29T12:00:00+00:00
rating-v3-00293,3.0,event-v3-0100,organizer-v3-055,profile-v3-0937,4,2026-08-19T20:00:00+00:00
rating-v3-00294,3.0,event-v3-0083,organizer-v3-032,profile-v3-0152,5,2026-08-16T20:00:00+00:00
rating-v3-00295,3.0,event-v3-0059,organizer-v3-012,profile-v3-0740,4,2027-01-23T20:00:00+00:00
rating-v3-00296,3.0,event-v3-0231,organizer-v3-055,profile-v3-0299,5,2026-09-15T20:00:00+00:00
rating-v3-00297,3.0,event-v3-0215,organizer-v3-069,profile-v3-0014,5,2026-11-21T17:00:00+00:00
rating-v3-00298,3.0,event-v3-0012,organizer-v3-002,profile-v3-0117,2,2026-12-02T21:00:00+00:00
rating-v3-00299,3.0,event-v3-0108,organizer-v3-068,profile-v3-0270,3,2026-10-04T23:00:00+00:00
rating-v3-00300,3.0,event-v3-0212,organizer-v3-045,profile-v3-0483,3,2026-12-05T19:00:00+00:00
rating-v3-00301,3.0,event-v3-0233,organizer-v3-065,profile-v3-0008,5,2026-08-17T23:00:00+00:00
rating-v3-00302,3.0,event-v3-0248,organizer-v3-069,profile-v3-0526,4,2027-01-08T10:00:00+00:00
rating-v3-00303,3.0,event-v3-0049,organizer-v3-016,profile-v3-0779,4,2026-09-17T13:00:00+00:00
rating-v3-00304,3.0,event-v3-0131,organizer-v3-045,profile-v3-0812,5,2026-12-18T15:00:00+00:00
rating-v3-00305,3.0,event-v3-0003,organizer-v3-026,profile-v3-0697,3,2026-08-01T17:00:00+00:00
rating-v3-00306,3.0,event-v3-0061,organizer-v3-007,profile-v3-0854,4,2026-11-11T12:00:00+00:00
rating-v3-00307,3.0,event-v3-0095,organizer-v3-042,profile-v3-0175,5,2026-10-21T15:00:00+00:00
rating-v3-00308,3.0,event-v3-0136,organizer-v3-047,profile-v3-0207,5,2026-09-17T17:00:00+00:00
rating-v3-00309,3.0,event-v3-0209,organizer-v3-065,profile-v3-0518,3,2026-11-01T17:00:00+00:00
rating-v3-00310,3.0,event-v3-0114,organizer-v3-055,profile-v3-0782,2,2027-01-24T18:00:00+00:00
rating-v3-00311,3.0,event-v3-0234,organizer-v3-058,profile-v3-0304,2,2026-11-15T18:00:00+00:00
rating-v3-00312,3.0,event-v3-0006,organizer-v3-016,profile-v3-0327,3,2026-10-26T11:00:00+00:00
rating-v3-00313,3.0,event-v3-0068,organizer-v3-024,profile-v3-0094,3,2026-09-28T14:00:00+00:00
rating-v3-00314,3.0,event-v3-0217,organizer-v3-077,profile-v3-0840,3,2026-12-19T13:00:00+00:00
rating-v3-00315,3.0,event-v3-0055,organizer-v3-022,profile-v3-0004,5,2026-11-29T14:00:00+00:00
rating-v3-00316,3.0,event-v3-0171,organizer-v3-078,profile-v3-0061,5,2026-08-25T15:00:00+00:00
rating-v3-00317,3.0,event-v3-0074,organizer-v3-010,profile-v3-0185,4,2026-11-23T13:00:00+00:00
rating-v3-00318,3.0,event-v3-0005,organizer-v3-012,profile-v3-0306,5,2026-09-02T19:00:00+00:00
rating-v3-00319,3.0,event-v3-0006,organizer-v3-016,profile-v3-0951,2,2026-10-26T11:00:00+00:00
rating-v3-00320,3.0,event-v3-0145,organizer-v3-054,profile-v3-0958,5,2026-10-24T20:00:00+00:00
rating-v3-00321,3.0,event-v3-0167,organizer-v3-044,profile-v3-0955,4,2026-11-16T11:00:00+00:00
rating-v3-00322,3.0,event-v3-0046,organizer-v3-020,profile-v3-0921,4,2026-12-19T17:00:00+00:00
rating-v3-00323,3.0,event-v3-0079,organizer-v3-026,profile-v3-0566,5,2026-08-18T14:00:00+00:00
rating-v3-00324,3.0,event-v3-0089,organizer-v3-076,profile-v3-0916,4,2026-08-09T11:00:00+00:00
rating-v3-00325,3.0,event-v3-0238,organizer-v3-033,profile-v3-0324,4,2026-08-19T16:00:00+00:00
rating-v3-00326,3.0,event-v3-0012,organizer-v3-002,profile-v3-0102,1,2026-12-02T21:00:00+00:00
rating-v3-00327,3.0,event-v3-0072,organizer-v3-025,profile-v3-0168,4,2027-01-27T21:00:00+00:00
rating-v3-00328,3.0,event-v3-0236,organizer-v3-068,profile-v3-0433,5,2027-01-21T14:00:00+00:00
rating-v3-00329,3.0,event-v3-0008,organizer-v3-020,profile-v3-0764,5,2027-01-01T21:00:00+00:00
rating-v3-00330,3.0,event-v3-0014,organizer-v3-004,profile-v3-0913,5,2026-11-27T16:00:00+00:00
rating-v3-00331,3.0,event-v3-0247,organizer-v3-052,profile-v3-0332,5,2027-01-09T11:00:00+00:00
rating-v3-00332,3.0,event-v3-0002,organizer-v3-020,profile-v3-0762,5,2027-01-21T13:00:00+00:00
rating-v3-00333,3.0,event-v3-0007,organizer-v3-019,profile-v3-0262,5,2026-08-29T14:00:00+00:00
rating-v3-00334,3.0,event-v3-0021,organizer-v3-028,profile-v3-0946,4,2026-10-18T11:00:00+00:00
rating-v3-00335,3.0,event-v3-0076,organizer-v3-018,profile-v3-0412,5,2026-10-19T18:00:00+00:00
rating-v3-00336,3.0,event-v3-0128,organizer-v3-039,profile-v3-0539,4,2026-12-23T11:00:00+00:00
rating-v3-00337,3.0,event-v3-0087,organizer-v3-064,profile-v3-0794,4,2026-11-09T15:00:00+00:00
rating-v3-00338,3.0,event-v3-0198,organizer-v3-079,profile-v3-0695,4,2027-01-25T18:00:00+00:00
rating-v3-00339,3.0,event-v3-0198,organizer-v3-079,profile-v3-0569,4,2027-01-25T18:00:00+00:00
rating-v3-00340,3.0,event-v3-0038,organizer-v3-018,profile-v3-0217,4,2026-12-18T19:00:00+00:00
rating-v3-00341,3.0,event-v3-0226,organizer-v3-043,profile-v3-0494,4,2026-10-21T14:00:00+00:00
rating-v3-00342,3.0,event-v3-0146,organizer-v3-041,profile-v3-0949,5,2026-08-01T19:00:00+00:00
rating-v3-00343,3.0,event-v3-0156,organizer-v3-078,profile-v3-0208,4,2026-11-15T11:00:00+00:00
rating-v3-00344,3.0,event-v3-0240,organizer-v3-059,profile-v3-0378,4,2026-12-12T15:00:00+00:00
rating-v3-00345,3.0,event-v3-0090,organizer-v3-064,profile-v3-0872,5,2026-12-05T21:00:00+00:00
rating-v3-00346,3.0,event-v3-0215,organizer-v3-069,profile-v3-0551,3,2026-11-21T17:00:00+00:00
rating-v3-00347,3.0,event-v3-0061,organizer-v3-007,profile-v3-0061,5,2026-11-11T12:00:00+00:00
rating-v3-00348,3.0,event-v3-0221,organizer-v3-054,profile-v3-0211,5,2027-01-15T17:00:00+00:00
rating-v3-00349,3.0,event-v3-0142,organizer-v3-050,profile-v3-0555,3,2026-09-23T17:00:00+00:00
rating-v3-00350,3.0,event-v3-0133,organizer-v3-035,profile-v3-0298,5,2026-11-24T18:00:00+00:00
rating-v3-00351,3.0,event-v3-0090,organizer-v3-064,profile-v3-0980,5,2026-12-05T21:00:00+00:00
rating-v3-00352,3.0,event-v3-0120,organizer-v3-042,profile-v3-0359,3,2026-08-01T20:00:00+00:00
rating-v3-00353,3.0,event-v3-0144,organizer-v3-074,profile-v3-0037,5,2027-01-03T13:00:00+00:00
rating-v3-00354,3.0,event-v3-0087,organizer-v3-064,profile-v3-0833,4,2026-11-09T15:00:00+00:00
rating-v3-00355,3.0,event-v3-0190,organizer-v3-047,profile-v3-0564,5,2026-11-17T13:00:00+00:00
rating-v3-00356,3.0,event-v3-0007,organizer-v3-019,profile-v3-0697,5,2026-08-29T14:00:00+00:00
rating-v3-00357,3.0,event-v3-0026,organizer-v3-027,profile-v3-0621,5,2027-01-22T22:00:00+00:00
rating-v3-00358,3.0,event-v3-0127,organizer-v3-045,profile-v3-0179,5,2026-10-04T15:00:00+00:00
rating-v3-00359,3.0,event-v3-0248,organizer-v3-069,profile-v3-0991,3,2027-01-08T10:00:00+00:00
rating-v3-00360,3.0,event-v3-0172,organizer-v3-057,profile-v3-0987,5,2027-01-23T14:00:00+00:00
rating-v3-00361,3.0,event-v3-0118,organizer-v3-047,profile-v3-0136,4,2026-09-29T12:00:00+00:00
rating-v3-00362,3.0,event-v3-0185,organizer-v3-069,profile-v3-0515,5,2026-09-18T19:00:00+00:00
rating-v3-00363,3.0,event-v3-0195,organizer-v3-059,profile-v3-0413,2,2027-01-11T15:00:00+00:00
rating-v3-00364,3.0,event-v3-0072,organizer-v3-025,profile-v3-0476,5,2027-01-27T21:00:00+00:00
rating-v3-00365,3.0,event-v3-0019,organizer-v3-021,profile-v3-0569,5,2027-01-28T22:00:00+00:00
rating-v3-00366,3.0,event-v3-0229,organizer-v3-041,profile-v3-0381,4,2026-12-12T17:00:00+00:00
rating-v3-00367,3.0,event-v3-0107,organizer-v3-076,profile-v3-0285,4,2026-11-30T14:00:00+00:00
rating-v3-00368,3.0,event-v3-0205,organizer-v3-072,profile-v3-0583,4,2026-12-09T15:00:00+00:00
rating-v3-00369,3.0,event-v3-0216,organizer-v3-060,profile-v3-0994,5,2026-11-12T23:00:00+00:00
rating-v3-00370,3.0,event-v3-0083,organizer-v3-032,profile-v3-0020,4,2026-08-16T20:00:00+00:00
rating-v3-00371,3.0,event-v3-0231,organizer-v3-055,profile-v3-0668,4,2026-09-15T20:00:00+00:00
rating-v3-00372,3.0,event-v3-0199,organizer-v3-035,profile-v3-0412,5,2026-08-14T15:00:00+00:00
rating-v3-00373,3.0,event-v3-0194,organizer-v3-056,profile-v3-0142,5,2026-08-24T16:00:00+00:00
rating-v3-00374,3.0,event-v3-0167,organizer-v3-044,profile-v3-0092,4,2026-11-16T11:00:00+00:00
rating-v3-00375,3.0,event-v3-0031,organizer-v3-029,profile-v3-0888,5,2026-11-12T20:00:00+00:00
rating-v3-00376,3.0,event-v3-0034,organizer-v3-016,profile-v3-0232,4,2026-12-28T15:00:00+00:00
rating-v3-00377,3.0,event-v3-0159,organizer-v3-055,profile-v3-0755,4,2027-01-10T12:00:00+00:00
rating-v3-00378,3.0,event-v3-0107,organizer-v3-076,profile-v3-0368,5,2026-11-30T14:00:00+00:00
rating-v3-00379,3.0,event-v3-0214,organizer-v3-034,profile-v3-0247,4,2026-12-10T22:00:00+00:00
rating-v3-00380,3.0,event-v3-0006,organizer-v3-016,profile-v3-0475,4,2026-10-26T11:00:00+00:00
rating-v3-00381,3.0,event-v3-0228,organizer-v3-054,profile-v3-0877,4,2026-09-07T20:00:00+00:00
rating-v3-00382,3.0,event-v3-0011,organizer-v3-005,profile-v3-0180,3,2026-08-17T19:00:00+00:00
rating-v3-00383,3.0,event-v3-0043,organizer-v3-014,profile-v3-0715,4,2026-12-03T16:00:00+00:00
rating-v3-00384,3.0,event-v3-0095,organizer-v3-042,profile-v3-0486,3,2026-10-21T15:00:00+00:00
rating-v3-00385,3.0,event-v3-0039,organizer-v3-003,profile-v3-0870,4,2026-09-02T20:00:00+00:00
rating-v3-00386,3.0,event-v3-0118,organizer-v3-047,profile-v3-0389,5,2026-09-29T12:00:00+00:00
rating-v3-00387,3.0,event-v3-0082,organizer-v3-079,profile-v3-0765,4,2026-10-02T13:00:00+00:00
rating-v3-00388,3.0,event-v3-0161,organizer-v3-053,profile-v3-0085,3,2026-09-11T16:00:00+00:00
rating-v3-00389,3.0,event-v3-0142,organizer-v3-050,profile-v3-0288,4,2026-09-23T17:00:00+00:00
rating-v3-00390,3.0,event-v3-0138,organizer-v3-065,profile-v3-0249,1,2026-08-02T16:00:00+00:00
rating-v3-00391,3.0,event-v3-0154,organizer-v3-038,profile-v3-0806,5,2026-12-28T17:00:00+00:00
rating-v3-00392,3.0,event-v3-0083,organizer-v3-032,profile-v3-0494,5,2026-08-16T20:00:00+00:00
rating-v3-00393,3.0,event-v3-0020,organizer-v3-015,profile-v3-0694,3,2026-12-04T11:00:00+00:00
rating-v3-00394,3.0,event-v3-0086,organizer-v3-077,profile-v3-0366,5,2026-08-25T14:00:00+00:00
rating-v3-00395,3.0,event-v3-0192,organizer-v3-050,profile-v3-0469,2,2026-09-13T14:00:00+00:00
rating-v3-00396,3.0,event-v3-0234,organizer-v3-058,profile-v3-0357,4,2026-11-15T18:00:00+00:00
rating-v3-00397,3.0,event-v3-0178,organizer-v3-052,profile-v3-0503,4,2026-10-30T19:00:00+00:00
rating-v3-00398,3.0,event-v3-0055,organizer-v3-022,profile-v3-0505,5,2026-11-29T14:00:00+00:00
rating-v3-00399,3.0,event-v3-0074,organizer-v3-010,profile-v3-0705,3,2026-11-23T13:00:00+00:00
rating-v3-00400,3.0,event-v3-0077,organizer-v3-015,profile-v3-0216,5,2026-11-10T20:00:00+00:00
rating-v3-00401,3.0,event-v3-0239,organizer-v3-065,profile-v3-0533,4,2026-11-01T13:00:00+00:00
rating-v3-00402,3.0,event-v3-0173,organizer-v3-036,profile-v3-0849,5,2026-12-16T17:00:00+00:00
rating-v3-00403,3.0,event-v3-0110,organizer-v3-052,profile-v3-0286,4,2026-10-23T13:00:00+00:00
rating-v3-00404,3.0,event-v3-0040,organizer-v3-004,profile-v3-0943,5,2026-08-11T13:00:00+00:00
rating-v3-00405,3.0,event-v3-0117,organizer-v3-033,profile-v3-0830,5,2026-11-17T13:00:00+00:00
rating-v3-00406,3.0,event-v3-0042,organizer-v3-030,profile-v3-0829,5,2026-09-28T22:00:00+00:00
rating-v3-00407,3.0,event-v3-0054,organizer-v3-010,profile-v3-0686,5,2026-11-05T13:00:00+00:00
rating-v3-00408,3.0,event-v3-0114,organizer-v3-055,profile-v3-0618,5,2027-01-24T18:00:00+00:00
rating-v3-00409,3.0,event-v3-0168,organizer-v3-042,profile-v3-0222,4,2026-11-27T17:00:00+00:00
rating-v3-00410,3.0,event-v3-0213,organizer-v3-061,profile-v3-0285,4,2026-11-10T19:00:00+00:00
rating-v3-00411,3.0,event-v3-0017,organizer-v3-003,profile-v3-0248,5,2027-01-25T22:00:00+00:00
rating-v3-00412,3.0,event-v3-0129,organizer-v3-074,profile-v3-0270,5,2026-12-30T20:00:00+00:00
rating-v3-00413,3.0,event-v3-0125,organizer-v3-044,profile-v3-0403,5,2026-10-03T16:00:00+00:00
rating-v3-00414,3.0,event-v3-0206,organizer-v3-079,profile-v3-0142,5,2027-01-17T15:00:00+00:00
rating-v3-00415,3.0,event-v3-0037,organizer-v3-015,profile-v3-0209,3,2026-09-01T17:00:00+00:00
rating-v3-00416,3.0,event-v3-0036,organizer-v3-009,profile-v3-0879,3,2026-10-07T19:00:00+00:00
rating-v3-00417,3.0,event-v3-0199,organizer-v3-035,profile-v3-0405,3,2026-08-14T15:00:00+00:00
rating-v3-00418,3.0,event-v3-0187,organizer-v3-079,profile-v3-0109,4,2026-08-20T21:00:00+00:00
rating-v3-00419,3.0,event-v3-0170,organizer-v3-068,profile-v3-0844,5,2026-11-05T11:00:00+00:00
rating-v3-00420,3.0,event-v3-0067,organizer-v3-007,profile-v3-0378,3,2026-08-07T18:00:00+00:00
rating-v3-00421,3.0,event-v3-0042,organizer-v3-030,profile-v3-0683,4,2026-09-28T22:00:00+00:00
rating-v3-00422,3.0,event-v3-0003,organizer-v3-026,profile-v3-0624,3,2026-08-01T17:00:00+00:00
rating-v3-00423,3.0,event-v3-0122,organizer-v3-071,profile-v3-0731,5,2026-10-07T16:00:00+00:00
rating-v3-00424,3.0,event-v3-0235,organizer-v3-053,profile-v3-0532,4,2026-12-27T21:00:00+00:00
rating-v3-00425,3.0,event-v3-0109,organizer-v3-031,profile-v3-0695,5,2026-08-07T11:00:00+00:00
rating-v3-00426,3.0,event-v3-0181,organizer-v3-066,profile-v3-0056,4,2026-10-28T17:00:00+00:00
rating-v3-00427,3.0,event-v3-0233,organizer-v3-065,profile-v3-0243,2,2026-08-17T23:00:00+00:00
rating-v3-00428,3.0,event-v3-0246,organizer-v3-058,profile-v3-0764,3,2026-09-30T12:00:00+00:00
rating-v3-00429,3.0,event-v3-0204,organizer-v3-045,profile-v3-0053,4,2026-12-12T20:00:00+00:00
rating-v3-00430,3.0,event-v3-0001,organizer-v3-018,profile-v3-0442,4,2026-12-12T19:00:00+00:00
rating-v3-00431,3.0,event-v3-0146,organizer-v3-041,profile-v3-0373,3,2026-08-01T19:00:00+00:00
rating-v3-00432,3.0,event-v3-0078,organizer-v3-003,profile-v3-0252,4,2026-12-17T15:00:00+00:00
rating-v3-00433,3.0,event-v3-0078,organizer-v3-003,profile-v3-0031,5,2026-12-17T15:00:00+00:00
rating-v3-00434,3.0,event-v3-0163,organizer-v3-032,profile-v3-0573,5,2026-10-31T13:00:00+00:00
rating-v3-00435,3.0,event-v3-0224,organizer-v3-059,profile-v3-0266,5,2026-08-17T21:00:00+00:00
rating-v3-00436,3.0,event-v3-0107,organizer-v3-076,profile-v3-0087,5,2026-11-30T14:00:00+00:00
rating-v3-00437,3.0,event-v3-0047,organizer-v3-022,profile-v3-0254,5,2027-01-25T12:00:00+00:00
rating-v3-00438,3.0,event-v3-0023,organizer-v3-029,profile-v3-0160,3,2026-08-22T22:00:00+00:00
rating-v3-00439,3.0,event-v3-0114,organizer-v3-055,profile-v3-0666,5,2027-01-24T18:00:00+00:00
rating-v3-00440,3.0,event-v3-0163,organizer-v3-032,profile-v3-0346,4,2026-10-31T13:00:00+00:00
rating-v3-00441,3.0,event-v3-0116,organizer-v3-048,profile-v3-0242,5,2026-08-15T13:00:00+00:00
rating-v3-00442,3.0,event-v3-0001,organizer-v3-018,profile-v3-0664,4,2026-12-12T19:00:00+00:00
rating-v3-00443,3.0,event-v3-0154,organizer-v3-038,profile-v3-0487,4,2026-12-28T17:00:00+00:00
rating-v3-00444,3.0,event-v3-0244,organizer-v3-073,profile-v3-0098,4,2026-10-28T14:00:00+00:00
rating-v3-00445,3.0,event-v3-0143,organizer-v3-036,profile-v3-0532,4,2026-12-10T17:00:00+00:00
rating-v3-00446,3.0,event-v3-0003,organizer-v3-026,profile-v3-0812,4,2026-08-01T17:00:00+00:00
rating-v3-00447,3.0,event-v3-0128,organizer-v3-039,profile-v3-0654,3,2026-12-23T11:00:00+00:00
rating-v3-00448,3.0,event-v3-0135,organizer-v3-043,profile-v3-0706,3,2026-09-30T19:00:00+00:00
rating-v3-00449,3.0,event-v3-0192,organizer-v3-050,profile-v3-0532,4,2026-09-13T14:00:00+00:00
rating-v3-00450,3.0,event-v3-0189,organizer-v3-041,profile-v3-0339,3,2026-11-23T21:00:00+00:00
rating-v3-00451,3.0,event-v3-0180,organizer-v3-075,profile-v3-0154,4,2026-08-12T14:00:00+00:00
rating-v3-00452,3.0,event-v3-0229,organizer-v3-041,profile-v3-0453,3,2026-12-12T17:00:00+00:00
rating-v3-00453,3.0,event-v3-0023,organizer-v3-029,profile-v3-0084,5,2026-08-22T22:00:00+00:00
rating-v3-00454,3.0,event-v3-0063,organizer-v3-030,profile-v3-0312,3,2026-10-09T20:00:00+00:00
rating-v3-00455,3.0,event-v3-0237,organizer-v3-056,profile-v3-0896,5,2026-08-12T14:00:00+00:00
rating-v3-00456,3.0,event-v3-0007,organizer-v3-019,profile-v3-0920,5,2026-08-29T14:00:00+00:00
rating-v3-00457,3.0,event-v3-0241,organizer-v3-056,profile-v3-0451,4,2026-08-30T14:00:00+00:00
rating-v3-00458,3.0,event-v3-0047,organizer-v3-022,profile-v3-0459,4,2027-01-25T12:00:00+00:00
rating-v3-00459,3.0,event-v3-0022,organizer-v3-012,profile-v3-0418,4,2026-10-15T14:00:00+00:00
rating-v3-00460,3.0,event-v3-0131,organizer-v3-045,profile-v3-0324,4,2026-12-18T15:00:00+00:00
rating-v3-00461,3.0,event-v3-0163,organizer-v3-032,profile-v3-0291,3,2026-10-31T13:00:00+00:00
rating-v3-00462,3.0,event-v3-0196,organizer-v3-069,profile-v3-0156,4,2026-08-26T13:00:00+00:00
rating-v3-00463,3.0,event-v3-0045,organizer-v3-027,profile-v3-0229,2,2026-11-22T20:00:00+00:00
rating-v3-00464,3.0,event-v3-0052,organizer-v3-001,profile-v3-0268,5,2026-08-31T12:00:00+00:00
rating-v3-00465,3.0,event-v3-0166,organizer-v3-073,profile-v3-0845,3,2026-10-12T17:00:00+00:00
rating-v3-00466,3.0,event-v3-0019,organizer-v3-021,profile-v3-0939,5,2027-01-28T22:00:00+00:00
rating-v3-00467,3.0,event-v3-0029,organizer-v3-018,profile-v3-0592,5,2026-12-20T22:00:00+00:00
rating-v3-00468,3.0,event-v3-0010,organizer-v3-027,profile-v3-0645,5,2026-11-22T20:00:00+00:00
rating-v3-00469,3.0,event-v3-0114,organizer-v3-055,profile-v3-0676,2,2027-01-24T18:00:00+00:00
rating-v3-00470,3.0,event-v3-0150,organizer-v3-040,profile-v3-0409,4,2026-09-25T22:00:00+00:00
rating-v3-00471,3.0,event-v3-0019,organizer-v3-021,profile-v3-0092,5,2027-01-28T22:00:00+00:00
rating-v3-00472,3.0,event-v3-0050,organizer-v3-024,profile-v3-0647,5,2026-12-28T17:00:00+00:00
rating-v3-00473,3.0,event-v3-0218,organizer-v3-042,profile-v3-0696,3,2026-11-06T14:00:00+00:00
rating-v3-00474,3.0,event-v3-0020,organizer-v3-015,profile-v3-0652,5,2026-12-04T11:00:00+00:00
rating-v3-00475,3.0,event-v3-0083,organizer-v3-032,profile-v3-0218,5,2026-08-16T20:00:00+00:00
rating-v3-00476,3.0,event-v3-0234,organizer-v3-058,profile-v3-0314,4,2026-11-15T18:00:00+00:00
rating-v3-00477,3.0,event-v3-0058,organizer-v3-030,profile-v3-0002,4,2026-11-30T15:00:00+00:00
rating-v3-00478,3.0,event-v3-0166,organizer-v3-073,profile-v3-0802,5,2026-10-12T17:00:00+00:00
rating-v3-00479,3.0,event-v3-0212,organizer-v3-045,profile-v3-0968,4,2026-12-05T19:00:00+00:00
rating-v3-00480,3.0,event-v3-0029,organizer-v3-018,profile-v3-0350,4,2026-12-20T22:00:00+00:00
rating-v3-00481,3.0,event-v3-0185,organizer-v3-069,profile-v3-0208,4,2026-09-18T19:00:00+00:00
rating-v3-00482,3.0,event-v3-0109,organizer-v3-031,profile-v3-0619,5,2026-08-07T11:00:00+00:00
rating-v3-00483,3.0,event-v3-0176,organizer-v3-080,profile-v3-0234,4,2026-12-27T19:00:00+00:00
rating-v3-00484,3.0,event-v3-0072,organizer-v3-025,profile-v3-0585,5,2027-01-27T21:00:00+00:00
rating-v3-00485,3.0,event-v3-0242,organizer-v3-039,profile-v3-0941,3,2026-08-30T13:00:00+00:00
rating-v3-00486,3.0,event-v3-0217,organizer-v3-077,profile-v3-0563,5,2026-12-19T13:00:00+00:00
rating-v3-00487,3.0,event-v3-0091,organizer-v3-051,profile-v3-0344,5,2026-12-16T13:00:00+00:00
rating-v3-00488,3.0,event-v3-0216,organizer-v3-060,profile-v3-0340,3,2026-11-12T23:00:00+00:00
rating-v3-00489,3.0,event-v3-0099,organizer-v3-031,profile-v3-0126,5,2026-08-03T16:00:00+00:00
rating-v3-00490,3.0,event-v3-0067,organizer-v3-007,profile-v3-0151,4,2026-08-07T18:00:00+00:00
rating-v3-00491,3.0,event-v3-0153,organizer-v3-050,profile-v3-0389,5,2026-08-24T23:00:00+00:00
rating-v3-00492,3.0,event-v3-0202,organizer-v3-065,profile-v3-0463,3,2026-11-11T14:00:00+00:00
rating-v3-00493,3.0,event-v3-0076,organizer-v3-018,profile-v3-0961,3,2026-10-19T18:00:00+00:00
rating-v3-00494,3.0,event-v3-0224,organizer-v3-059,profile-v3-0353,4,2026-08-17T21:00:00+00:00
rating-v3-00495,3.0,event-v3-0250,organizer-v3-057,profile-v3-0791,4,2026-08-07T21:00:00+00:00
rating-v3-00496,3.0,event-v3-0165,organizer-v3-044,profile-v3-0763,4,2026-09-13T13:00:00+00:00
rating-v3-00497,3.0,event-v3-0230,organizer-v3-063,profile-v3-0957,5,2027-01-08T18:00:00+00:00
rating-v3-00498,3.0,event-v3-0246,organizer-v3-058,profile-v3-0535,4,2026-09-30T12:00:00+00:00
rating-v3-00499,3.0,event-v3-0173,organizer-v3-036,profile-v3-0765,5,2026-12-16T17:00:00+00:00
rating-v3-00500,3.0,event-v3-0206,organizer-v3-079,profile-v3-0646,4,2027-01-17T15:00:00+00:00
rating-v3-00501,3.0,event-v3-0039,organizer-v3-003,profile-v3-0672,5,2026-09-02T20:00:00+00:00
rating-v3-00502,3.0,event-v3-0083,organizer-v3-032,profile-v3-0966,4,2026-08-16T20:00:00+00:00
rating-v3-00503,3.0,event-v3-0230,organizer-v3-063,profile-v3-0541,5,2027-01-08T18:00:00+00:00
rating-v3-00504,3.0,event-v3-0143,organizer-v3-036,profile-v3-0447,5,2026-12-10T17:00:00+00:00
rating-v3-00505,3.0,event-v3-0198,organizer-v3-079,profile-v3-0972,5,2027-01-25T18:00:00+00:00
rating-v3-00506,3.0,event-v3-0029,organizer-v3-018,profile-v3-0731,5,2026-12-20T22:00:00+00:00
rating-v3-00507,3.0,event-v3-0103,organizer-v3-052,profile-v3-0430,2,2026-08-20T16:00:00+00:00
rating-v3-00508,3.0,event-v3-0103,organizer-v3-052,profile-v3-0741,3,2026-08-20T16:00:00+00:00
rating-v3-00509,3.0,event-v3-0110,organizer-v3-052,profile-v3-0944,4,2026-10-23T13:00:00+00:00
rating-v3-00510,3.0,event-v3-0209,organizer-v3-065,profile-v3-0759,4,2026-11-01T17:00:00+00:00
rating-v3-00511,3.0,event-v3-0124,organizer-v3-063,profile-v3-0214,5,2026-09-10T13:00:00+00:00
rating-v3-00512,3.0,event-v3-0095,organizer-v3-042,profile-v3-0995,4,2026-10-21T15:00:00+00:00
rating-v3-00513,3.0,event-v3-0197,organizer-v3-075,profile-v3-0999,5,2026-11-18T17:00:00+00:00
rating-v3-00514,3.0,event-v3-0131,organizer-v3-045,profile-v3-0811,4,2026-12-18T15:00:00+00:00
rating-v3-00515,3.0,event-v3-0173,organizer-v3-036,profile-v3-0763,4,2026-12-16T17:00:00+00:00
rating-v3-00516,3.0,event-v3-0195,organizer-v3-059,profile-v3-0705,4,2027-01-11T15:00:00+00:00
rating-v3-00517,3.0,event-v3-0049,organizer-v3-016,profile-v3-0953,5,2026-09-17T13:00:00+00:00
rating-v3-00518,3.0,event-v3-0040,organizer-v3-004,profile-v3-0484,5,2026-08-11T13:00:00+00:00
rating-v3-00519,3.0,event-v3-0020,organizer-v3-015,profile-v3-0086,4,2026-12-04T11:00:00+00:00
rating-v3-00520,3.0,event-v3-0122,organizer-v3-071,profile-v3-0699,5,2026-10-07T16:00:00+00:00
rating-v3-00521,3.0,event-v3-0136,organizer-v3-047,profile-v3-0707,5,2026-09-17T17:00:00+00:00
rating-v3-00522,3.0,event-v3-0032,organizer-v3-004,profile-v3-0868,3,2026-11-23T19:00:00+00:00
rating-v3-00523,3.0,event-v3-0220,organizer-v3-078,profile-v3-0422,5,2026-09-25T20:00:00+00:00
rating-v3-00524,3.0,event-v3-0074,organizer-v3-010,profile-v3-0877,3,2026-11-23T13:00:00+00:00
rating-v3-00525,3.0,event-v3-0243,organizer-v3-068,profile-v3-0950,4,2026-12-05T16:00:00+00:00
rating-v3-00526,3.0,event-v3-0018,organizer-v3-020,profile-v3-0880,3,2026-08-19T14:00:00+00:00
rating-v3-00527,3.0,event-v3-0201,organizer-v3-045,profile-v3-0801,4,2026-12-01T16:00:00+00:00
rating-v3-00528,3.0,event-v3-0024,organizer-v3-010,profile-v3-0243,5,2026-10-11T15:00:00+00:00
rating-v3-00529,3.0,event-v3-0190,organizer-v3-047,profile-v3-0020,4,2026-11-17T13:00:00+00:00
rating-v3-00530,3.0,event-v3-0246,organizer-v3-058,profile-v3-0713,4,2026-09-30T12:00:00+00:00
rating-v3-00531,3.0,event-v3-0052,organizer-v3-001,profile-v3-0224,4,2026-08-31T12:00:00+00:00
rating-v3-00532,3.0,event-v3-0193,organizer-v3-075,profile-v3-0407,3,2026-10-06T13:00:00+00:00
rating-v3-00533,3.0,event-v3-0228,organizer-v3-054,profile-v3-0256,4,2026-09-07T20:00:00+00:00
rating-v3-00534,3.0,event-v3-0074,organizer-v3-010,profile-v3-0783,3,2026-11-23T13:00:00+00:00
rating-v3-00535,3.0,event-v3-0056,organizer-v3-013,profile-v3-0537,3,2026-08-20T19:00:00+00:00
rating-v3-00536,3.0,event-v3-0235,organizer-v3-053,profile-v3-0203,4,2026-12-27T21:00:00+00:00
rating-v3-00537,3.0,event-v3-0100,organizer-v3-055,profile-v3-0369,5,2026-08-19T20:00:00+00:00
rating-v3-00538,3.0,event-v3-0183,organizer-v3-059,profile-v3-0469,5,2026-12-18T23:00:00+00:00
rating-v3-00539,3.0,event-v3-0033,organizer-v3-001,profile-v3-0646,5,2026-10-25T17:00:00+00:00
rating-v3-00540,3.0,event-v3-0085,organizer-v3-080,profile-v3-0992,4,2026-10-18T19:00:00+00:00
rating-v3-00541,3.0,event-v3-0060,organizer-v3-017,profile-v3-0570,4,2026-12-03T21:00:00+00:00
rating-v3-00542,3.0,event-v3-0118,organizer-v3-047,profile-v3-0636,4,2026-09-29T12:00:00+00:00
rating-v3-00543,3.0,event-v3-0064,organizer-v3-018,profile-v3-0388,4,2026-10-22T15:00:00+00:00
rating-v3-00544,3.0,event-v3-0059,organizer-v3-012,profile-v3-0725,3,2027-01-23T20:00:00+00:00
rating-v3-00545,3.0,event-v3-0103,organizer-v3-052,profile-v3-0517,4,2026-08-20T16:00:00+00:00
rating-v3-00546,3.0,event-v3-0082,organizer-v3-079,profile-v3-0004,5,2026-10-02T13:00:00+00:00
rating-v3-00547,3.0,event-v3-0195,organizer-v3-059,profile-v3-0384,5,2027-01-11T15:00:00+00:00
rating-v3-00548,3.0,event-v3-0232,organizer-v3-034,profile-v3-0006,5,2026-11-07T16:00:00+00:00
rating-v3-00549,3.0,event-v3-0151,organizer-v3-079,profile-v3-0334,3,2027-01-20T21:00:00+00:00
rating-v3-00550,3.0,event-v3-0126,organizer-v3-043,profile-v3-0327,5,2027-01-07T12:00:00+00:00
rating-v3-00551,3.0,event-v3-0194,organizer-v3-056,profile-v3-0213,5,2026-08-24T16:00:00+00:00
rating-v3-00552,3.0,event-v3-0093,organizer-v3-044,profile-v3-0755,5,2026-08-02T12:00:00+00:00
rating-v3-00553,3.0,event-v3-0129,organizer-v3-074,profile-v3-0439,5,2026-12-30T20:00:00+00:00
rating-v3-00554,3.0,event-v3-0183,organizer-v3-059,profile-v3-0477,1,2026-12-18T23:00:00+00:00
rating-v3-00555,3.0,event-v3-0068,organizer-v3-024,profile-v3-0667,5,2026-09-28T14:00:00+00:00
rating-v3-00556,3.0,event-v3-0147,organizer-v3-036,profile-v3-0109,4,2026-10-31T11:00:00+00:00
rating-v3-00557,3.0,event-v3-0154,organizer-v3-038,profile-v3-0609,4,2026-12-28T17:00:00+00:00
rating-v3-00558,3.0,event-v3-0113,organizer-v3-077,profile-v3-0912,4,2026-09-22T21:00:00+00:00
rating-v3-00559,3.0,event-v3-0004,organizer-v3-018,profile-v3-0902,5,2026-11-12T10:00:00+00:00
rating-v3-00560,3.0,event-v3-0102,organizer-v3-041,profile-v3-0846,4,2026-08-22T15:00:00+00:00
rating-v3-00561,3.0,event-v3-0056,organizer-v3-013,profile-v3-0116,5,2026-08-20T19:00:00+00:00
rating-v3-00562,3.0,event-v3-0246,organizer-v3-058,profile-v3-0515,5,2026-09-30T12:00:00+00:00
rating-v3-00563,3.0,event-v3-0200,organizer-v3-034,profile-v3-0332,3,2026-11-14T19:00:00+00:00
rating-v3-00564,3.0,event-v3-0015,organizer-v3-008,profile-v3-0424,5,2026-10-10T17:00:00+00:00
rating-v3-00565,3.0,event-v3-0037,organizer-v3-015,profile-v3-0284,5,2026-09-01T17:00:00+00:00
rating-v3-00566,3.0,event-v3-0056,organizer-v3-013,profile-v3-0594,5,2026-08-20T19:00:00+00:00
rating-v3-00567,3.0,event-v3-0093,organizer-v3-044,profile-v3-0005,3,2026-08-02T12:00:00+00:00
rating-v3-00568,3.0,event-v3-0110,organizer-v3-052,profile-v3-0620,4,2026-10-23T13:00:00+00:00
rating-v3-00569,3.0,event-v3-0062,organizer-v3-018,profile-v3-0152,5,2026-11-28T21:00:00+00:00
rating-v3-00570,3.0,event-v3-0216,organizer-v3-060,profile-v3-0299,4,2026-11-12T23:00:00+00:00
rating-v3-00571,3.0,event-v3-0006,organizer-v3-016,profile-v3-0478,4,2026-10-26T11:00:00+00:00
rating-v3-00572,3.0,event-v3-0238,organizer-v3-033,profile-v3-0835,5,2026-08-19T16:00:00+00:00
rating-v3-00573,3.0,event-v3-0212,organizer-v3-045,profile-v3-0194,3,2026-12-05T19:00:00+00:00
rating-v3-00574,3.0,event-v3-0067,organizer-v3-007,profile-v3-0706,5,2026-08-07T18:00:00+00:00
rating-v3-00575,3.0,event-v3-0028,organizer-v3-021,profile-v3-0630,1,2026-08-11T11:00:00+00:00
rating-v3-00576,3.0,event-v3-0042,organizer-v3-030,profile-v3-0320,5,2026-09-28T22:00:00+00:00
rating-v3-00577,3.0,event-v3-0049,organizer-v3-016,profile-v3-0295,5,2026-09-17T13:00:00+00:00
rating-v3-00578,3.0,event-v3-0055,organizer-v3-022,profile-v3-0312,3,2026-11-29T14:00:00+00:00
rating-v3-00579,3.0,event-v3-0122,organizer-v3-071,profile-v3-0264,5,2026-10-07T16:00:00+00:00
rating-v3-00580,3.0,event-v3-0063,organizer-v3-030,profile-v3-0860,3,2026-10-09T20:00:00+00:00
rating-v3-00581,3.0,event-v3-0012,organizer-v3-002,profile-v3-0596,3,2026-12-02T21:00:00+00:00
rating-v3-00582,3.0,event-v3-0079,organizer-v3-026,profile-v3-0969,5,2026-08-18T14:00:00+00:00
rating-v3-00583,3.0,event-v3-0221,organizer-v3-054,profile-v3-0747,5,2027-01-15T17:00:00+00:00
rating-v3-00584,3.0,event-v3-0095,organizer-v3-042,profile-v3-0060,5,2026-10-21T15:00:00+00:00
rating-v3-00585,3.0,event-v3-0210,organizer-v3-050,profile-v3-0097,1,2026-10-09T21:00:00+00:00
rating-v3-00586,3.0,event-v3-0246,organizer-v3-058,profile-v3-0005,4,2026-09-30T12:00:00+00:00
rating-v3-00587,3.0,event-v3-0005,organizer-v3-012,profile-v3-0964,5,2026-09-02T19:00:00+00:00
rating-v3-00588,3.0,event-v3-0026,organizer-v3-027,profile-v3-0902,4,2027-01-22T22:00:00+00:00
rating-v3-00589,3.0,event-v3-0189,organizer-v3-041,profile-v3-0323,5,2026-11-23T21:00:00+00:00
rating-v3-00590,3.0,event-v3-0193,organizer-v3-075,profile-v3-0597,4,2026-10-06T13:00:00+00:00
rating-v3-00591,3.0,event-v3-0196,organizer-v3-069,profile-v3-0781,4,2026-08-26T13:00:00+00:00
rating-v3-00592,3.0,event-v3-0110,organizer-v3-052,profile-v3-0090,5,2026-10-23T13:00:00+00:00
rating-v3-00593,3.0,event-v3-0112,organizer-v3-049,profile-v3-0388,4,2026-11-20T16:00:00+00:00
rating-v3-00594,3.0,event-v3-0132,organizer-v3-050,profile-v3-0461,3,2026-09-16T13:00:00+00:00
rating-v3-00595,3.0,event-v3-0028,organizer-v3-021,profile-v3-0076,2,2026-08-11T11:00:00+00:00
rating-v3-00596,3.0,event-v3-0036,organizer-v3-009,profile-v3-0155,2,2026-10-07T19:00:00+00:00
rating-v3-00597,3.0,event-v3-0119,organizer-v3-038,profile-v3-0132,5,2026-10-20T21:00:00+00:00
rating-v3-00598,3.0,event-v3-0128,organizer-v3-039,profile-v3-0110,4,2026-12-23T11:00:00+00:00
rating-v3-00599,3.0,event-v3-0200,organizer-v3-034,profile-v3-0348,4,2026-11-14T19:00:00+00:00
rating-v3-00600,3.0,event-v3-0126,organizer-v3-043,profile-v3-0262,3,2027-01-07T12:00:00+00:00
rating-v3-00601,3.0,event-v3-0188,organizer-v3-053,profile-v3-0755,4,2026-12-10T17:00:00+00:00
rating-v3-00602,3.0,event-v3-0236,organizer-v3-068,profile-v3-0075,4,2027-01-21T14:00:00+00:00
rating-v3-00603,3.0,event-v3-0162,organizer-v3-053,profile-v3-0003,3,2027-01-07T23:00:00+00:00
rating-v3-00604,3.0,event-v3-0030,organizer-v3-012,profile-v3-0621,5,2026-09-22T12:00:00+00:00
rating-v3-00605,3.0,event-v3-0038,organizer-v3-018,profile-v3-0483,5,2026-12-18T19:00:00+00:00
rating-v3-00606,3.0,event-v3-0022,organizer-v3-012,profile-v3-0307,5,2026-10-15T14:00:00+00:00
rating-v3-00607,3.0,event-v3-0250,organizer-v3-057,profile-v3-0392,3,2026-08-07T21:00:00+00:00
rating-v3-00608,3.0,event-v3-0191,organizer-v3-070,profile-v3-0847,4,2027-01-24T17:00:00+00:00
rating-v3-00609,3.0,event-v3-0117,organizer-v3-033,profile-v3-0993,3,2026-11-17T13:00:00+00:00
rating-v3-00610,3.0,event-v3-0108,organizer-v3-068,profile-v3-0475,5,2026-10-04T23:00:00+00:00
rating-v3-00611,3.0,event-v3-0001,organizer-v3-018,profile-v3-0156,5,2026-12-12T19:00:00+00:00
rating-v3-00612,3.0,event-v3-0023,organizer-v3-029,profile-v3-0269,3,2026-08-22T22:00:00+00:00
rating-v3-00613,3.0,event-v3-0006,organizer-v3-016,profile-v3-0068,5,2026-10-26T11:00:00+00:00
rating-v3-00614,3.0,event-v3-0045,organizer-v3-027,profile-v3-0791,5,2026-11-22T20:00:00+00:00
rating-v3-00615,3.0,event-v3-0039,organizer-v3-003,profile-v3-0100,5,2026-09-02T20:00:00+00:00
rating-v3-00616,3.0,event-v3-0200,organizer-v3-034,profile-v3-0843,4,2026-11-14T19:00:00+00:00
rating-v3-00617,3.0,event-v3-0172,organizer-v3-057,profile-v3-0709,4,2027-01-23T14:00:00+00:00
rating-v3-00618,3.0,event-v3-0088,organizer-v3-036,profile-v3-0811,4,2026-08-10T14:00:00+00:00
rating-v3-00619,3.0,event-v3-0114,organizer-v3-055,profile-v3-0997,3,2027-01-24T18:00:00+00:00
rating-v3-00620,3.0,event-v3-0195,organizer-v3-059,profile-v3-0411,5,2027-01-11T15:00:00+00:00
rating-v3-00621,3.0,event-v3-0171,organizer-v3-078,profile-v3-0661,5,2026-08-25T15:00:00+00:00
rating-v3-00622,3.0,event-v3-0215,organizer-v3-069,profile-v3-0157,5,2026-11-21T17:00:00+00:00
rating-v3-00623,3.0,event-v3-0101,organizer-v3-041,profile-v3-0910,4,2026-09-10T16:00:00+00:00
rating-v3-00624,3.0,event-v3-0055,organizer-v3-022,profile-v3-0894,5,2026-11-29T14:00:00+00:00
rating-v3-00625,3.0,event-v3-0090,organizer-v3-064,profile-v3-0138,5,2026-12-05T21:00:00+00:00
rating-v3-00626,3.0,event-v3-0008,organizer-v3-020,profile-v3-0428,1,2027-01-01T21:00:00+00:00
rating-v3-00627,3.0,event-v3-0016,organizer-v3-011,profile-v3-0389,5,2026-11-30T14:00:00+00:00
rating-v3-00628,3.0,event-v3-0220,organizer-v3-078,profile-v3-0275,5,2026-09-25T20:00:00+00:00
rating-v3-00629,3.0,event-v3-0236,organizer-v3-068,profile-v3-0098,5,2027-01-21T14:00:00+00:00
rating-v3-00630,3.0,event-v3-0229,organizer-v3-041,profile-v3-0823,4,2026-12-12T17:00:00+00:00
rating-v3-00631,3.0,event-v3-0166,organizer-v3-073,profile-v3-0787,4,2026-10-12T17:00:00+00:00
rating-v3-00632,3.0,event-v3-0010,organizer-v3-027,profile-v3-0192,5,2026-11-22T20:00:00+00:00
rating-v3-00633,3.0,event-v3-0192,organizer-v3-050,profile-v3-0901,5,2026-09-13T14:00:00+00:00
rating-v3-00634,3.0,event-v3-0202,organizer-v3-065,profile-v3-0610,5,2026-11-11T14:00:00+00:00
rating-v3-00635,3.0,event-v3-0003,organizer-v3-026,profile-v3-0260,2,2026-08-01T17:00:00+00:00
rating-v3-00636,3.0,event-v3-0076,organizer-v3-018,profile-v3-0911,4,2026-10-19T18:00:00+00:00
rating-v3-00637,3.0,event-v3-0005,organizer-v3-012,profile-v3-0020,4,2026-09-02T19:00:00+00:00
rating-v3-00638,3.0,event-v3-0146,organizer-v3-041,profile-v3-0692,4,2026-08-01T19:00:00+00:00
rating-v3-00639,3.0,event-v3-0099,organizer-v3-031,profile-v3-0734,1,2026-08-03T16:00:00+00:00
rating-v3-00640,3.0,event-v3-0183,organizer-v3-059,profile-v3-0985,4,2026-12-18T23:00:00+00:00
rating-v3-00641,3.0,event-v3-0106,organizer-v3-078,profile-v3-0110,5,2026-11-21T17:00:00+00:00
rating-v3-00642,3.0,event-v3-0087,organizer-v3-064,profile-v3-0657,4,2026-11-09T15:00:00+00:00
rating-v3-00643,3.0,event-v3-0246,organizer-v3-058,profile-v3-0554,5,2026-09-30T12:00:00+00:00
rating-v3-00644,3.0,event-v3-0009,organizer-v3-030,profile-v3-0012,4,2026-08-21T21:00:00+00:00
rating-v3-00645,3.0,event-v3-0042,organizer-v3-030,profile-v3-0064,4,2026-09-28T22:00:00+00:00
rating-v3-00646,3.0,event-v3-0113,organizer-v3-077,profile-v3-0771,4,2026-09-22T21:00:00+00:00
rating-v3-00647,3.0,event-v3-0002,organizer-v3-020,profile-v3-0024,5,2027-01-21T13:00:00+00:00
rating-v3-00648,3.0,event-v3-0246,organizer-v3-058,profile-v3-0692,5,2026-09-30T12:00:00+00:00
rating-v3-00649,3.0,event-v3-0248,organizer-v3-069,profile-v3-0131,4,2027-01-08T10:00:00+00:00
rating-v3-00650,3.0,event-v3-0182,organizer-v3-033,profile-v3-0719,5,2027-01-25T15:00:00+00:00
rating-v3-00651,3.0,event-v3-0034,organizer-v3-016,profile-v3-0278,5,2026-12-28T15:00:00+00:00
rating-v3-00652,3.0,event-v3-0005,organizer-v3-012,profile-v3-0325,4,2026-09-02T19:00:00+00:00
rating-v3-00653,3.0,event-v3-0037,organizer-v3-015,profile-v3-0579,3,2026-09-01T17:00:00+00:00
rating-v3-00654,3.0,event-v3-0057,organizer-v3-017,profile-v3-0603,3,2026-09-11T23:00:00+00:00
rating-v3-00655,3.0,event-v3-0212,organizer-v3-045,profile-v3-0089,4,2026-12-05T19:00:00+00:00
rating-v3-00656,3.0,event-v3-0114,organizer-v3-055,profile-v3-0737,4,2027-01-24T18:00:00+00:00
rating-v3-00657,3.0,event-v3-0209,organizer-v3-065,profile-v3-0374,4,2026-11-01T17:00:00+00:00
rating-v3-00658,3.0,event-v3-0084,organizer-v3-076,profile-v3-0394,5,2026-11-30T21:00:00+00:00
rating-v3-00659,3.0,event-v3-0201,organizer-v3-045,profile-v3-0405,3,2026-12-01T16:00:00+00:00
rating-v3-00660,3.0,event-v3-0144,organizer-v3-074,profile-v3-0251,5,2027-01-03T13:00:00+00:00
rating-v3-00661,3.0,event-v3-0217,organizer-v3-077,profile-v3-0459,2,2026-12-19T13:00:00+00:00
rating-v3-00662,3.0,event-v3-0013,organizer-v3-023,profile-v3-0801,5,2026-12-11T17:00:00+00:00
rating-v3-00663,3.0,event-v3-0190,organizer-v3-047,profile-v3-0410,4,2026-11-17T13:00:00+00:00
rating-v3-00664,3.0,event-v3-0067,organizer-v3-007,profile-v3-0369,5,2026-08-07T18:00:00+00:00
rating-v3-00665,3.0,event-v3-0198,organizer-v3-079,profile-v3-0970,2,2027-01-25T18:00:00+00:00
rating-v3-00666,3.0,event-v3-0116,organizer-v3-048,profile-v3-0780,4,2026-08-15T13:00:00+00:00
rating-v3-00667,3.0,event-v3-0190,organizer-v3-047,profile-v3-0931,3,2026-11-17T13:00:00+00:00
rating-v3-00668,3.0,event-v3-0110,organizer-v3-052,profile-v3-0511,5,2026-10-23T13:00:00+00:00
rating-v3-00669,3.0,event-v3-0019,organizer-v3-021,profile-v3-0435,4,2027-01-28T22:00:00+00:00
rating-v3-00670,3.0,event-v3-0082,organizer-v3-079,profile-v3-0081,4,2026-10-02T13:00:00+00:00
rating-v3-00671,3.0,event-v3-0155,organizer-v3-071,profile-v3-0456,4,2026-08-21T19:00:00+00:00
rating-v3-00672,3.0,event-v3-0065,organizer-v3-011,profile-v3-0268,4,2026-09-10T12:00:00+00:00
rating-v3-00673,3.0,event-v3-0180,organizer-v3-075,profile-v3-0745,5,2026-08-12T14:00:00+00:00
rating-v3-00674,3.0,event-v3-0190,organizer-v3-047,profile-v3-0987,4,2026-11-17T13:00:00+00:00
rating-v3-00675,3.0,event-v3-0110,organizer-v3-052,profile-v3-0490,2,2026-10-23T13:00:00+00:00
rating-v3-00676,3.0,event-v3-0043,organizer-v3-014,profile-v3-0546,3,2026-12-03T16:00:00+00:00
rating-v3-00677,3.0,event-v3-0061,organizer-v3-007,profile-v3-0205,4,2026-11-11T12:00:00+00:00
rating-v3-00678,3.0,event-v3-0010,organizer-v3-027,profile-v3-0322,3,2026-11-22T20:00:00+00:00
rating-v3-00679,3.0,event-v3-0121,organizer-v3-038,profile-v3-0678,5,2026-11-07T10:00:00+00:00
rating-v3-00680,3.0,event-v3-0017,organizer-v3-003,profile-v3-0460,3,2027-01-25T22:00:00+00:00
rating-v3-00681,3.0,event-v3-0233,organizer-v3-065,profile-v3-0619,4,2026-08-17T23:00:00+00:00
rating-v3-00682,3.0,event-v3-0233,organizer-v3-065,profile-v3-0119,3,2026-08-17T23:00:00+00:00
rating-v3-00683,3.0,event-v3-0003,organizer-v3-026,profile-v3-0673,4,2026-08-01T17:00:00+00:00
rating-v3-00684,3.0,event-v3-0198,organizer-v3-079,profile-v3-0697,2,2027-01-25T18:00:00+00:00
rating-v3-00685,3.0,event-v3-0007,organizer-v3-019,profile-v3-0837,5,2026-08-29T14:00:00+00:00
rating-v3-00686,3.0,event-v3-0110,organizer-v3-052,profile-v3-0696,3,2026-10-23T13:00:00+00:00
rating-v3-00687,3.0,event-v3-0205,organizer-v3-072,profile-v3-0689,5,2026-12-09T15:00:00+00:00
rating-v3-00688,3.0,event-v3-0071,organizer-v3-018,profile-v3-0104,5,2027-01-20T19:00:00+00:00
rating-v3-00689,3.0,event-v3-0160,organizer-v3-075,profile-v3-0716,2,2026-12-14T15:00:00+00:00
rating-v3-00690,3.0,event-v3-0143,organizer-v3-036,profile-v3-0486,5,2026-12-10T17:00:00+00:00
rating-v3-00691,3.0,event-v3-0128,organizer-v3-039,profile-v3-0748,2,2026-12-23T11:00:00+00:00
rating-v3-00692,3.0,event-v3-0185,organizer-v3-069,profile-v3-0949,5,2026-09-18T19:00:00+00:00
rating-v3-00693,3.0,event-v3-0002,organizer-v3-020,profile-v3-0778,3,2027-01-21T13:00:00+00:00
rating-v3-00694,3.0,event-v3-0161,organizer-v3-053,profile-v3-0236,4,2026-09-11T16:00:00+00:00
rating-v3-00695,3.0,event-v3-0062,organizer-v3-018,profile-v3-0605,2,2026-11-28T21:00:00+00:00
rating-v3-00696,3.0,event-v3-0016,organizer-v3-011,profile-v3-0831,5,2026-11-30T14:00:00+00:00
rating-v3-00697,3.0,event-v3-0113,organizer-v3-077,profile-v3-0761,5,2026-09-22T21:00:00+00:00
rating-v3-00698,3.0,event-v3-0173,organizer-v3-036,profile-v3-0678,5,2026-12-16T17:00:00+00:00
rating-v3-00699,3.0,event-v3-0086,organizer-v3-077,profile-v3-0960,5,2026-08-25T14:00:00+00:00
rating-v3-00700,3.0,event-v3-0009,organizer-v3-030,profile-v3-0812,5,2026-08-21T21:00:00+00:00
rating-v3-00701,3.0,event-v3-0057,organizer-v3-017,profile-v3-0362,3,2026-09-11T23:00:00+00:00
rating-v3-00702,3.0,event-v3-0200,organizer-v3-034,profile-v3-0063,5,2026-11-14T19:00:00+00:00
rating-v3-00703,3.0,event-v3-0168,organizer-v3-042,profile-v3-0136,4,2026-11-27T17:00:00+00:00
rating-v3-00704,3.0,event-v3-0089,organizer-v3-076,profile-v3-0956,3,2026-08-09T11:00:00+00:00
rating-v3-00705,3.0,event-v3-0124,organizer-v3-063,profile-v3-0810,5,2026-09-10T13:00:00+00:00
rating-v3-00706,3.0,event-v3-0163,organizer-v3-032,profile-v3-0463,4,2026-10-31T13:00:00+00:00
rating-v3-00707,3.0,event-v3-0185,organizer-v3-069,profile-v3-0742,3,2026-09-18T19:00:00+00:00
rating-v3-00708,3.0,event-v3-0173,organizer-v3-036,profile-v3-0884,5,2026-12-16T17:00:00+00:00
rating-v3-00709,3.0,event-v3-0182,organizer-v3-033,profile-v3-0625,5,2027-01-25T15:00:00+00:00
rating-v3-00710,3.0,event-v3-0222,organizer-v3-052,profile-v3-0761,5,2026-12-11T14:00:00+00:00
rating-v3-00711,3.0,event-v3-0221,organizer-v3-054,profile-v3-0960,5,2027-01-15T17:00:00+00:00
rating-v3-00712,3.0,event-v3-0176,organizer-v3-080,profile-v3-0320,3,2026-12-27T19:00:00+00:00
rating-v3-00713,3.0,event-v3-0028,organizer-v3-021,profile-v3-0808,5,2026-08-11T11:00:00+00:00
rating-v3-00714,3.0,event-v3-0108,organizer-v3-068,profile-v3-0654,3,2026-10-04T23:00:00+00:00
rating-v3-00715,3.0,event-v3-0090,organizer-v3-064,profile-v3-0482,4,2026-12-05T21:00:00+00:00
rating-v3-00716,3.0,event-v3-0216,organizer-v3-060,profile-v3-0919,5,2026-11-12T23:00:00+00:00
rating-v3-00717,3.0,event-v3-0207,organizer-v3-054,profile-v3-0473,4,2027-01-20T15:00:00+00:00
rating-v3-00718,3.0,event-v3-0065,organizer-v3-011,profile-v3-0948,4,2026-09-10T12:00:00+00:00
rating-v3-00719,3.0,event-v3-0248,organizer-v3-069,profile-v3-0822,4,2027-01-08T10:00:00+00:00
rating-v3-00720,3.0,event-v3-0073,organizer-v3-017,profile-v3-0384,5,2026-11-19T18:00:00+00:00
rating-v3-00721,3.0,event-v3-0026,organizer-v3-027,profile-v3-0468,4,2027-01-22T22:00:00+00:00
rating-v3-00722,3.0,event-v3-0177,organizer-v3-036,profile-v3-0515,5,2026-12-25T18:00:00+00:00
rating-v3-00723,3.0,event-v3-0247,organizer-v3-052,profile-v3-0733,4,2027-01-09T11:00:00+00:00
rating-v3-00724,3.0,event-v3-0029,organizer-v3-018,profile-v3-0161,5,2026-12-20T22:00:00+00:00
rating-v3-00725,3.0,event-v3-0202,organizer-v3-065,profile-v3-0459,4,2026-11-11T14:00:00+00:00
rating-v3-00726,3.0,event-v3-0010,organizer-v3-027,profile-v3-0737,5,2026-11-22T20:00:00+00:00
rating-v3-00727,3.0,event-v3-0052,organizer-v3-001,profile-v3-0442,4,2026-08-31T12:00:00+00:00
rating-v3-00728,3.0,event-v3-0222,organizer-v3-052,profile-v3-0509,5,2026-12-11T14:00:00+00:00
rating-v3-00729,3.0,event-v3-0216,organizer-v3-060,profile-v3-0595,4,2026-11-12T23:00:00+00:00
rating-v3-00730,3.0,event-v3-0148,organizer-v3-039,profile-v3-0150,5,2026-12-08T20:00:00+00:00
rating-v3-00731,3.0,event-v3-0225,organizer-v3-045,profile-v3-0732,5,2026-08-28T14:00:00+00:00
rating-v3-00732,3.0,event-v3-0078,organizer-v3-003,profile-v3-0341,5,2026-12-17T15:00:00+00:00
rating-v3-00733,3.0,event-v3-0066,organizer-v3-022,profile-v3-0212,4,2026-09-06T18:00:00+00:00
rating-v3-00734,3.0,event-v3-0165,organizer-v3-044,profile-v3-0336,5,2026-09-13T13:00:00+00:00
rating-v3-00735,3.0,event-v3-0030,organizer-v3-012,profile-v3-0570,5,2026-09-22T12:00:00+00:00
rating-v3-00736,3.0,event-v3-0096,organizer-v3-047,profile-v3-0288,4,2027-01-17T20:00:00+00:00
rating-v3-00737,3.0,event-v3-0174,organizer-v3-069,profile-v3-0606,5,2026-09-09T21:00:00+00:00
rating-v3-00738,3.0,event-v3-0188,organizer-v3-053,profile-v3-0915,3,2026-12-10T17:00:00+00:00
rating-v3-00739,3.0,event-v3-0240,organizer-v3-059,profile-v3-0037,5,2026-12-12T15:00:00+00:00
rating-v3-00740,3.0,event-v3-0043,organizer-v3-014,profile-v3-0240,5,2026-12-03T16:00:00+00:00
rating-v3-00741,3.0,event-v3-0130,organizer-v3-072,profile-v3-0132,3,2026-11-25T20:00:00+00:00
rating-v3-00742,3.0,event-v3-0224,organizer-v3-059,profile-v3-0033,3,2026-08-17T21:00:00+00:00
rating-v3-00743,3.0,event-v3-0023,organizer-v3-029,profile-v3-0453,4,2026-08-22T22:00:00+00:00
rating-v3-00744,3.0,event-v3-0209,organizer-v3-065,profile-v3-0424,3,2026-11-01T17:00:00+00:00
rating-v3-00745,3.0,event-v3-0054,organizer-v3-010,profile-v3-0023,5,2026-11-05T13:00:00+00:00
rating-v3-00746,3.0,event-v3-0048,organizer-v3-003,profile-v3-0420,4,2027-01-19T13:00:00+00:00
rating-v3-00747,3.0,event-v3-0080,organizer-v3-029,profile-v3-0423,4,2026-09-02T15:00:00+00:00
rating-v3-00748,3.0,event-v3-0076,organizer-v3-018,profile-v3-0959,5,2026-10-19T18:00:00+00:00
rating-v3-00749,3.0,event-v3-0164,organizer-v3-045,profile-v3-0056,4,2026-10-22T15:00:00+00:00
rating-v3-00750,3.0,event-v3-0230,organizer-v3-063,profile-v3-0123,2,2027-01-08T18:00:00+00:00
rating-v3-00751,3.0,event-v3-0123,organizer-v3-041,profile-v3-0582,4,2026-12-29T12:00:00+00:00
rating-v3-00752,3.0,event-v3-0220,organizer-v3-078,profile-v3-0382,4,2026-09-25T20:00:00+00:00
rating-v3-00753,3.0,event-v3-0062,organizer-v3-018,profile-v3-0560,3,2026-11-28T21:00:00+00:00
rating-v3-00754,3.0,event-v3-0239,organizer-v3-065,profile-v3-0203,5,2026-11-01T13:00:00+00:00
rating-v3-00755,3.0,event-v3-0044,organizer-v3-007,profile-v3-0501,4,2026-08-27T15:00:00+00:00
rating-v3-00756,3.0,event-v3-0089,organizer-v3-076,profile-v3-0506,5,2026-08-09T11:00:00+00:00
rating-v3-00757,3.0,event-v3-0050,organizer-v3-024,profile-v3-0846,4,2026-12-28T17:00:00+00:00
rating-v3-00758,3.0,event-v3-0150,organizer-v3-040,profile-v3-0031,5,2026-09-25T22:00:00+00:00
rating-v3-00759,3.0,event-v3-0045,organizer-v3-027,profile-v3-0267,4,2026-11-22T20:00:00+00:00
rating-v3-00760,3.0,event-v3-0247,organizer-v3-052,profile-v3-0246,4,2027-01-09T11:00:00+00:00
rating-v3-00761,3.0,event-v3-0214,organizer-v3-034,profile-v3-0470,4,2026-12-10T22:00:00+00:00
rating-v3-00762,3.0,event-v3-0027,organizer-v3-018,profile-v3-0305,2,2026-11-23T13:00:00+00:00
rating-v3-00763,3.0,event-v3-0202,organizer-v3-065,profile-v3-0218,5,2026-11-11T14:00:00+00:00
rating-v3-00764,3.0,event-v3-0241,organizer-v3-056,profile-v3-0749,3,2026-08-30T14:00:00+00:00
rating-v3-00765,3.0,event-v3-0103,organizer-v3-052,profile-v3-0093,4,2026-08-20T16:00:00+00:00
rating-v3-00766,3.0,event-v3-0093,organizer-v3-044,profile-v3-0756,4,2026-08-02T12:00:00+00:00
rating-v3-00767,3.0,event-v3-0114,organizer-v3-055,profile-v3-0624,4,2027-01-24T18:00:00+00:00
rating-v3-00768,3.0,event-v3-0070,organizer-v3-028,profile-v3-0900,4,2026-10-07T18:00:00+00:00
rating-v3-00769,3.0,event-v3-0042,organizer-v3-030,profile-v3-0452,4,2026-09-28T22:00:00+00:00
rating-v3-00770,3.0,event-v3-0149,organizer-v3-065,profile-v3-0430,5,2026-09-04T17:00:00+00:00
rating-v3-00771,3.0,event-v3-0083,organizer-v3-032,profile-v3-0502,5,2026-08-16T20:00:00+00:00
rating-v3-00772,3.0,event-v3-0179,organizer-v3-055,profile-v3-0515,5,2026-10-12T16:00:00+00:00
rating-v3-00773,3.0,event-v3-0225,organizer-v3-045,profile-v3-0429,5,2026-08-28T14:00:00+00:00
rating-v3-00774,3.0,event-v3-0180,organizer-v3-075,profile-v3-0482,4,2026-08-12T14:00:00+00:00
rating-v3-00775,3.0,event-v3-0192,organizer-v3-050,profile-v3-0523,3,2026-09-13T14:00:00+00:00
rating-v3-00776,3.0,event-v3-0165,organizer-v3-044,profile-v3-0015,4,2026-09-13T13:00:00+00:00
rating-v3-00777,3.0,event-v3-0188,organizer-v3-053,profile-v3-0600,3,2026-12-10T17:00:00+00:00
rating-v3-00778,3.0,event-v3-0004,organizer-v3-018,profile-v3-0536,5,2026-11-12T10:00:00+00:00
rating-v3-00779,3.0,event-v3-0010,organizer-v3-027,profile-v3-0951,4,2026-11-22T20:00:00+00:00
rating-v3-00780,3.0,event-v3-0163,organizer-v3-032,profile-v3-0056,4,2026-10-31T13:00:00+00:00
rating-v3-00781,3.0,event-v3-0029,organizer-v3-018,profile-v3-0714,4,2026-12-20T22:00:00+00:00
rating-v3-00782,3.0,event-v3-0182,organizer-v3-033,profile-v3-0017,3,2027-01-25T15:00:00+00:00
rating-v3-00783,3.0,event-v3-0072,organizer-v3-025,profile-v3-0239,5,2027-01-27T21:00:00+00:00
rating-v3-00784,3.0,event-v3-0022,organizer-v3-012,profile-v3-0098,4,2026-10-15T14:00:00+00:00
rating-v3-00785,3.0,event-v3-0153,organizer-v3-050,profile-v3-0682,4,2026-08-24T23:00:00+00:00
rating-v3-00786,3.0,event-v3-0188,organizer-v3-053,profile-v3-0318,4,2026-12-10T17:00:00+00:00
rating-v3-00787,3.0,event-v3-0212,organizer-v3-045,profile-v3-0125,2,2026-12-05T19:00:00+00:00
rating-v3-00788,3.0,event-v3-0033,organizer-v3-001,profile-v3-0082,3,2026-10-25T17:00:00+00:00
rating-v3-00789,3.0,event-v3-0126,organizer-v3-043,profile-v3-0637,3,2027-01-07T12:00:00+00:00
rating-v3-00790,3.0,event-v3-0153,organizer-v3-050,profile-v3-0018,4,2026-08-24T23:00:00+00:00
rating-v3-00791,3.0,event-v3-0044,organizer-v3-007,profile-v3-0737,3,2026-08-27T15:00:00+00:00
rating-v3-00792,3.0,event-v3-0239,organizer-v3-065,profile-v3-0352,3,2026-11-01T13:00:00+00:00
rating-v3-00793,3.0,event-v3-0210,organizer-v3-050,profile-v3-0841,5,2026-10-09T21:00:00+00:00
rating-v3-00794,3.0,event-v3-0229,organizer-v3-041,profile-v3-0298,4,2026-12-12T17:00:00+00:00
rating-v3-00795,3.0,event-v3-0158,organizer-v3-063,profile-v3-0389,5,2026-11-27T15:00:00+00:00
rating-v3-00796,3.0,event-v3-0111,organizer-v3-079,profile-v3-0371,5,2026-10-10T12:00:00+00:00
rating-v3-00797,3.0,event-v3-0026,organizer-v3-027,profile-v3-0667,4,2027-01-22T22:00:00+00:00
rating-v3-00798,3.0,event-v3-0188,organizer-v3-053,profile-v3-0231,5,2026-12-10T17:00:00+00:00
rating-v3-00799,3.0,event-v3-0072,organizer-v3-025,profile-v3-0197,4,2027-01-27T21:00:00+00:00
rating-v3-00800,3.0,event-v3-0247,organizer-v3-052,profile-v3-0197,4,2027-01-09T11:00:00+00:00
